ply
format ascii 1.0
element vertex 8000
property float x
property float y
property float z
end_header
-0.477782 5.980737 -0.156078
-11.833429 0.925309 -0.618509
10.790690 2.633130 1.569121
-11.847382 0.931156 -0.657316
6.673580 5.003780 1.851177
2.861121 5.819875 0.921706
-10.276832 3.113909 -1.763104
3.362303 5.767961 1.064551
-1.882356 5.951080 -0.613999
11.962362 0.500517 0.344586
-8.548835 4.211207 -1.995825
-1.412706 5.958183 -0.509915
6.138410 5.120283 1.788755
-9.459955 3.673413 -1.945209
6.944695 4.895403 1.887199
1.737807 5.922017 0.561390
10.988681 2.450392 1.475328
3.586132 5.684796 1.164924
9.653613 3.602773 1.940690
8.166101 4.412633 1.993218
-8.513098 4.256088 -2.044211
7.645313 4.616637 1.940903
0.584704 5.992214 0.186285
-11.965000 0.363152 -0.263844
-11.908528 0.736446 -0.475134
-7.765959 4.571619 -1.983702
-1.578773 5.932104 -0.495689
7.728198 4.646782 2.001045
10.504128 2.923105 1.674725
-11.932415 0.602792 -0.372585
-0.581037 5.996224 -0.179220
11.200866 2.143415 1.335240
-4.538924 5.535834 -1.423302
-9.141926 3.848674 -1.934999
-4.148404 5.624548 -1.294046
-11.610111 1.519313 -0.987316
11.888228 0.773498 0.483979
-1.084102 5.990767 -0.364912
1.535570 5.953663 0.471919
11.721587 1.192127 0.772209
-5.126786 5.416092 -1.583882
-10.741529 2.644893 -1.563399
-3.434046 5.766338 -1.095934
8.241022 4.404726 2.011073
-10.522427 2.891198 -1.697329
-0.388040 5.988275 -0.106434
-0.445009 5.975437 -0.149329
-8.533069 4.239444 -1.996569
10.713525 2.668564 1.624496
-10.125862 3.247276 -1.835855
-6.562425 5.003796 -1.818442
-9.425590 3.701116 -1.950231
9.895359 3.389218 1.857473
-9.750647 3.504131 -1.872894
9.895662 3.414339 1.851023
11.586976 1.530389 0.932847
-10.785325 2.611319 -1.565597
-10.884918 2.502617 -1.527263
-11.085080 2.279920 -1.407112
1.044804 5.997418 0.372867
7.794780 4.543089 1.943947
12.004378 0.113244 0.074722
-5.322802 5.386117 -1.606069
-7.621003 4.588398 -1.983284
-10.408640 2.935766 -1.727510
7.586021 4.625012 1.948188
9.351244 3.719642 1.974289
-5.074163 5.412339 -1.536261
-9.852490 3.455128 -1.897482
-11.901790 0.698457 -0.429067
10.708900 2.736215 1.602496
0.674261 5.978579 0.236072
-11.348314 1.953085 -1.233427
2.871501 5.805177 0.922801
-3.347690 5.764374 -1.071719
11.971661 0.471902 0.291120
-6.214749 5.155146 -1.750619
-11.626632 1.512231 -0.964439
-10.247673 3.089000 -1.763047
-11.240079 2.125155 -1.300304
-5.773649 5.257351 -1.688149
8.582727 4.200605 1.996616
-8.958079 3.980788 -2.014189
9.455198 3.678624 1.926028
-10.333711 3.024557 -1.727698
11.761494 1.174443 0.776549
-10.240774 3.126238 -1.795647
10.434933 2.927877 1.735276
4.609042 5.569630 1.417563
6.515361 5.024675 1.844824
-6.791257 4.937450 -1.837957
10.124642 3.170249 1.805742
3.874834 5.668058 1.209218
12.001571 0.127292 0.086905
8.138659 4.453264 1.950034
2.938240 5.805124 0.921814
11.356928 1.984856 1.220270
-4.881598 5.467301 -1.516241
4.407725 5.591968 1.370660
-7.830991 4.555105 -1.931577
-5.603086 5.347784 -1.653068
2.595677 5.836946 0.862633
-10.971926 2.389669 -1.475579
-4.872292 5.495949 -1.517162
-9.929104 3.388066 -1.859556
5.736849 5.273182 1.671870
-1.610285 5.925249 -0.550810
9.773515 3.468758 1.861997
-11.996006 0.085156 -0.079674
8.647470 4.130211 2.024537
8.265804 4.341863 1.977409
11.663743 1.374482 0.906736
8.273127 4.379629 2.002106
-8.839217 4.070716 -1.983729
-6.994740 4.905988 -1.889024
11.022091 2.339465 1.451274
4.552580 5.557542 1.386778
2.994983 5.836623 0.962472
-5.934216 5.218596 -1.734211
1.675844 5.972636 0.541948
-3.182594 5.821140 -1.023159
-10.538370 2.882404 -1.694293
-7.860624 4.566870 -1.961687
4.921065 5.452495 1.533295
1.910367 5.922796 0.660844
4.866456 5.505196 1.485622
11.269516 2.047230 1.262173
9.621895 3.584407 1.933604
7.556716 4.677704 1.979699
6.598105 4.984741 1.845213
6.654396 4.982459 1.870825
-2.847476 5.841469 -0.929691
-11.966235 0.537192 -0.379453
-9.093135 3.902130 -1.996303
-9.495071 3.631891 -1.945674
-8.720443 4.133435 -1.999702
-3.603201 5.695664 -1.151032
-11.620705 1.568520 -1.003451
-6.694827 5.008436 -1.844311
-0.025025 5.982256 -0.007500
11.644425 1.435547 0.924865
0.432847 6.003216 0.169225
9.412637 3.689187 1.953586
10.983563 2.449024 1.480266
-0.244319 5.957604 -0.057728
-9.367921 3.750930 -1.921107
7.224079 4.789006 1.920370
-8.992277 4.000011 -2.000126
-0.965968 5.961764 -0.334862
10.682900 2.701048 1.631729
-11.930482 0.703823 -0.432436
3.654009 5.712244 1.158257
7.181004 4.811744 1.891095
-10.602486 2.749426 -1.650208
11.065669 2.276800 1.447489
-8.013515 4.443959 -1.994998
9.967457 3.328904 1.861378
3.982504 5.669819 1.255362
8.933864 3.995072 1.962633
-10.525976 2.871763 -1.668140
4.070536 5.668284 1.274738
-11.995186 0.487596 -0.357896
-4.604901 5.545595 -1.394630
-6.862390 4.928433 -1.860269
-0.794109 6.011574 -0.267888
6.752334 4.942560 1.859135
3.881750 5.664511 1.206148
-11.787614 1.121674 -0.696366
9.711896 3.566205 1.875842
-12.018667 0.236206 -0.125687
-8.684520 4.139763 -1.985195
5.062422 5.438491 1.542905
-5.187327 5.445754 -1.540408
4.376305 5.565099 1.395411
4.341547 5.574326 1.391500
-0.128706 6.001896 -0.057775
11.972921 0.325728 0.164083
0.243654 6.022864 0.051623
-11.953533 0.536045 -0.361730
7.502818 4.690589 1.932231
-8.452244 4.264226 -1.994557
2.165373 5.919287 0.708444
9.494227 3.684138 1.925615
-11.461189 1.779924 -1.108939
11.995208 0.339434 0.219173
6.956028 4.921033 1.881144
-12.015886 0.015423 -0.029120
8.144012 4.424348 2.014851
-10.687724 2.701068 -1.616172
-3.906765 5.663299 -1.227552
-9.836369 3.441864 -1.889679
-4.820462 5.531261 -1.463795
4.975469 5.455837 1.534517
-8.752865 4.108285 -1.999026
11.935266 0.492099 0.350892
2.004498 5.945687 0.632493
4.685287 5.507818 1.460872
0.871002 5.966297 0.274310
11.053444 2.327131 1.462114
9.164125 3.837025 1.976993
-2.301375 5.908262 -0.766277
4.167267 5.665273 1.313915
-9.509285 3.672231 -1.907305
-3.928552 5.675933 -1.231594
-10.893300 2.516302 -1.578265
-7.992837 4.481123 -1.962650
-3.754925 5.708954 -1.184995
7.408929 4.674423 1.954754
-9.363858 3.804379 -1.932440
8.430607 4.247790 2.005311
11.679592 1.394587 0.891037
-11.934933 0.676655 -0.472327
-1.475805 5.978820 -0.501449
-9.104491 3.934377 -1.988865
-1.067914 5.970347 -0.332678
-4.144075 5.626731 -1.276977
11.930889 0.673908 0.417345
10.007326 3.295712 1.843335
-6.278083 5.114379 -1.768837
-2.569691 5.824262 -0.839366
10.566158 2.886608 1.652569
-11.872674 0.866681 -0.591096
10.626137 2.805524 1.660388
-0.395357 6.018139 -0.138783
10.788507 2.582130 1.540558
-7.546327 4.659241 -1.957184
7.759322 4.587149 1.957901
10.983901 2.466680 1.490261
11.873621 0.864984 0.553282
10.252467 3.144252 1.779361
9.898917 3.383205 1.862806
-1.367164 5.995498 -0.441477
1.831876 5.933698 0.636103
-11.883228 0.797735 -0.554762
-11.867610 0.854049 -0.560453
-9.660371 3.586434 -1.927310
-6.143569 5.148858 -1.787256
-10.599492 2.835415 -1.675628
-11.794527 1.135656 -0.749546
11.983596 0.419171 0.296851
11.202075 2.193787 1.311706
5.091816 5.440556 1.537874
11.494750 1.757265 1.124304
-3.663272 5.719789 -1.154256
8.211613 4.365353 2.005006
8.095792 4.399984 1.985642
7.401000 4.737361 1.987833
11.420051 1.821771 1.140875
-8.219752 4.380849 -1.968641
-5.473385 5.328252 -1.643693
-3.959363 5.683172 -1.281085
11.873111 0.649072 0.455521
2.636905 5.847157 0.854332
-6.608263 5.021030 -1.875611
10.576616 2.798867 1.648303
4.218275 5.659783 1.331952
11.971795 0.352863 0.244870
11.613393 1.506680 0.953174
9.350155 3.804445 1.954444
3.170186 5.790488 1.029322
1.388625 5.981178 0.454357
-11.230091 2.121342 -1.309016
6.551512 5.021377 1.850638
11.967825 0.430425 0.270389
-10.261177 3.115677 -1.796345
11.779966 1.169775 0.748005
11.491605 1.731340 1.092639
-11.932036 0.745919 -0.460367
-8.569928 4.213979 -1.972814
5.865441 5.281624 1.698895
10.978552 2.442859 1.476991
4.168985 5.607356 1.358510
5.830867 5.263589 1.690562
-11.077254 2.320337 -1.428835
3.012609 5.844297 0.978890
11.585016 1.554631 0.983949
-11.688601 1.381543 -0.883559
-4.475963 5.551148 -1.376451
11.226437 2.155322 1.338631
11.263194 2.111343 1.294217
1.257589 5.960151 0.440882
11.493617 1.706618 1.103728
-4.800496 5.477402 -1.444742
-4.274205 5.588596 -1.331805
11.943816 0.604833 0.422736
-9.854029 3.408199 -1.837439
-9.412696 3.726647 -1.884958
-11.570532 1.585278 -1.024455
-6.108633 5.151797 -1.756491
-6.849850 4.906485 -1.867322
10.467259 2.947524 1.692809
11.959081 0.460745 0.299931
11.759830 1.213062 0.825582
-11.944514 0.677925 -0.471077
-5.274685 5.349569 -1.599548
-11.789307 1.001555 -0.672148
5.457996 5.319306 1.609996
-8.609094 4.168262 -2.018050
11.729524 1.220489 0.785061
10.438755 3.020984 1.756617
7.706143 4.573872 1.941247
-1.895318 5.941270 -0.655202
-2.162371 5.907107 -0.709155
0.072583 6.015127 0.013208
2.800638 5.827973 0.928099
-2.819785 5.854086 -0.934832
-11.912415 0.599342 -0.422931
1.582029 5.959807 0.551695
-10.478214 2.940103 -1.711190
11.821808 1.049847 0.693563
4.211138 5.641174 1.300568
-2.253790 5.882405 -0.768871
-4.417205 5.599689 -1.380192
8.489423 4.247869 2.019322
3.752180 5.683787 1.170942
-11.842534 1.000744 -0.670290
-5.415094 5.378073 -1.618145
-3.160315 5.818636 -0.980784
11.759289 1.250130 0.804862
11.830265 0.989342 0.653429
9.460784 3.687302 1.957888
10.904824 2.516389 1.529793
-11.983086 0.273650 -0.196665
11.996565 0.083584 0.034081
4.899653 5.506600 1.479885
11.824310 1.114214 0.716974
-5.124573 5.424950 -1.530903
11.904072 0.891753 0.588503
11.717334 1.253493 0.806151
11.594008 1.516589 0.997504
7.898093 4.525976 1.978762
-2.848302 5.838704 -0.944377
-9.836791 3.418925 -1.866012
8.011833 4.479413 1.964877
7.551813 4.629313 1.976285
-10.208398 3.118618 -1.754375
-8.400012 4.314595 -2.022997
11.039713 2.337579 1.411405
-9.823255 3.397796 -1.862067
-10.342588 3.032469 -1.783511
10.171393 3.158707 1.798903
-4.630495 5.523879 -1.440876
9.769455 3.483559 1.861644
8.697992 4.184459 2.017217
0.211400 5.988228 0.070306
-0.831409 5.969870 -0.278754
0.794254 5.998562 0.275625
-1.517399 5.949673 -0.507175
9.420566 3.738509 1.918995
-9.202039 3.821405 -1.983998
7.724272 4.596558 2.016219
-11.532105 1.650758 -1.075811
-0.550254 5.980199 -0.200336
6.928750 4.865267 1.872048
10.233786 3.144542 1.780545
0.562554 5.982132 0.203932
4.515669 5.571839 1.413598
-4.559144 5.537442 -1.399350
0.064032 5.986181 0.028813
11.927112 0.713410 0.464092
-10.395266 2.995816 -1.721639
11.826441 0.934948 0.650684
-10.300490 3.058082 -1.775564
-9.979391 3.319455 -1.861154
-11.625597 1.397608 -0.927795
-5.933431 5.204112 -1.689761
10.512090 2.907208 1.681470
2.174809 5.916079 0.746903
2.263878 5.907118 0.722548
-4.831259 5.469450 -1.478779
4.346225 5.577919 1.346368
-6.303293 5.099363 -1.785378
9.626810 3.573298 1.903257
5.336626 5.339485 1.580893
-1.659820 5.936608 -0.545107
2.737877 5.875839 0.850176
11.169258 2.228997 1.408918
-11.943470 0.622302 -0.414033
-6.767150 4.948643 -1.855600
-10.377692 3.003093 -1.708600
5.197422 5.376184 1.592799
-11.847423 1.054239 -0.671533
-9.962820 3.355945 -1.871572
-11.968441 0.384780 -0.233906
9.746908 3.508396 1.913760
0.879144 5.963682 0.272860
4.199171 5.630354 1.329147
-4.180933 5.575265 -1.334493
8.481947 4.235171 2.002402
11.398428 1.847781 1.165378
0.921643 5.961827 0.296726
-5.063223 5.438729 -1.550102
4.290343 5.605697 1.339323
-12.008639 0.269250 -0.140524
3.485177 5.750749 1.114349
7.070195 4.810302 1.912104
-10.017378 3.304351 -1.857069
1.240515 5.947444 0.382676
7.853091 4.535206 1.941857
7.464789 4.720862 1.926702
-11.860715 0.998156 -0.627046
-11.896940 0.722965 -0.498007
-5.320441 5.385593 -1.580123
7.725701 4.611308 1.968710
-7.396432 4.731742 -1.970701
9.320727 3.784594 1.971153
6.349133 5.073819 1.805877
-1.556494 5.938082 -0.515739
3.660429 5.693660 1.137955
5.415655 5.355400 1.600553
-11.939257 0.483224 -0.332468
10.352633 3.068491 1.776123
-4.193457 5.631807 -1.320220
11.906841 0.758359 0.499265
11.502652 1.706332 1.100410
9.461504 3.667020 1.915755
-11.968934 0.103250 -0.081428
-7.821598 4.563562 -1.961134
-11.009231 2.400285 -1.462913
11.831610 0.940801 0.581193
-6.488507 5.072450 -1.825635
2.282428 5.878847 0.736435
3.087065 5.811958 1.005169
-7.304718 4.718605 -1.889001
6.800243 4.960104 1.886119
-0.528958 5.994369 -0.178922
8.188465 4.361689 2.006583
4.045012 5.671518 1.259630
-1.231150 5.984081 -0.437993
10.525248 2.886025 1.665387
7.767199 4.561533 1.971871
2.969180 5.840221 0.935870
1.047960 5.941967 0.363891
-9.732600 3.531774 -1.923627
-5.208302 5.405905 -1.553601
-2.327184 5.873876 -0.757274
-11.033205 2.400986 -1.451853
9.765481 3.505485 1.935270
11.362776 1.901315 1.198716
3.940485 5.673963 1.231468
10.890419 2.494959 1.562665
-2.048033 5.923546 -0.692658
-2.738779 5.832075 -0.887822
10.967794 2.438832 1.506670
-7.549835 4.646234 -1.924900
-2.142253 5.934493 -0.663951
2.869739 5.856044 0.931649
-11.598044 1.540264 -1.005224
-10.777091 2.628513 -1.570000
9.228873 3.809949 1.952650
10.380285 3.009286 1.735453
-11.589075 1.570828 -1.016023
10.576729 2.834473 1.656497
-8.660498 4.154209 -1.991121
6.640669 5.007545 1.841386
5.058793 5.433892 1.512989
-1.999499 5.927867 -0.685718
-11.689409 1.381142 -0.908432
12.002007 0.064034 0.061940
10.456775 2.905731 1.714411
-7.632775 4.621997 -1.936349
3.899800 5.633737 1.198431
7.410793 4.726894 1.948016
-11.909359 0.707146 -0.446684
8.100537 4.455731 1.996761
-7.472486 4.677260 -1.961348
-11.899339 0.663265 -0.460006
-8.818222 4.051717 -1.985284
-7.334970 4.773399 -1.941689
-7.711011 4.626400 -1.954708
-9.824707 3.433185 -1.871713
7.898395 4.513880 1.976621
-4.631779 5.526576 -1.438036
-9.795083 3.470458 -1.897499
-11.243104 2.080643 -1.317124
-11.480693 1.757242 -1.066822
-11.469264 1.787091 -1.091393
11.431984 1.830564 1.149436
4.529677 5.570008 1.432615
1.653695 5.917579 0.544388
-11.322996 2.028145 -1.261187
2.970967 5.778237 0.969551
8.065983 4.456859 1.979789
11.990363 0.364996 0.255505
7.387356 4.741685 1.944814
-9.276212 3.796154 -1.985744
11.954612 0.394295 0.260902
10.446320 2.993395 1.737118
6.703282 4.998875 1.857317
-1.193114 5.957414 -0.386029
4.965267 5.454363 1.476881
-11.199582 2.152617 -1.373444
9.521952 3.644815 1.948479
-2.314887 5.890622 -0.752724
-9.190882 3.830167 -1.956932
-11.716628 1.335586 -0.902487
-11.057219 2.337484 -1.409801
10.950736 2.466215 1.515321
-9.521621 3.647499 -1.945726
-6.304465 5.103011 -1.803793
2.944785 5.797050 0.948147
11.947201 0.489555 0.314146
10.366833 3.021491 1.717538
-8.449917 4.248415 -2.001997
11.586585 1.586380 1.010433
6.658856 4.993751 1.832692
8.340727 4.329912 1.994736
-8.405277 4.289251 -2.007326
5.132764 5.448660 1.545668
11.527896 1.587827 1.007212
4.758815 5.496061 1.440837
6.201581 5.148256 1.781378
-7.562642 4.664150 -2.002270
6.446616 5.060888 1.799133
-6.841388 4.917306 -1.894724
-1.445596 5.943753 -0.426720
-11.244944 2.086944 -1.288060
-8.016437 4.455962 -2.027907
3.422942 5.729753 1.091983
0.581179 6.002234 0.187032
1.104686 5.991712 0.359137
-11.043718 2.368287 -1.464843
10.894224 2.540374 1.527213
2.797955 5.849217 0.912660
-1.330314 5.965161 -0.403252
2.390420 5.875331 0.761333
-3.645883 5.743734 -1.167202
0.048146 6.038013 0.016493
3.208141 5.778299 1.025469
-6.648991 5.017400 -1.842213
6.129330 5.172187 1.787560
-3.967127 5.631506 -1.249819
-7.881610 4.497000 -1.971930
10.988947 2.381714 1.450998
6.224093 5.114651 1.765890
-11.794361 1.075429 -0.707700
-11.929240 0.632406 -0.409961
-12.008791 0.156741 -0.086870
11.882782 0.806491 0.540208
-10.250076 3.140164 -1.812096
-11.739498 1.190980 -0.799099
-11.449004 1.846945 -1.143082
-7.513657 4.668487 -1.952864
-6.250335 5.097870 -1.792032
-7.654393 4.634614 -1.970382
-2.767135 5.861674 -0.907064
-9.441461 3.695450 -1.971777
-0.085438 6.023505 -0.019801
9.096998 3.916684 1.990647
11.469614 1.741822 1.129553
-11.512118 1.695710 -1.105507
-8.606918 4.173396 -1.976039
10.153449 3.201848 1.815670
-10.160305 3.135356 -1.758236
7.051828 4.868063 1.903485
-4.976684 5.452618 -1.513912
5.209045 5.383305 1.570007
9.418287 3.737129 1.935837
10.187877 3.156297 1.783069
11.709107 1.288244 0.869066
11.684319 1.405139 0.880506
11.694362 1.303299 0.836393
11.548080 1.703217 1.054757
-10.436326 2.954930 -1.734077
-0.706478 6.015744 -0.211463
11.008867 2.344993 1.469708
-0.958162 5.955383 -0.320569
-1.574846 5.959456 -0.526379
0.103865 6.004704 0.041868
9.599901 3.589333 1.908372
2.459051 5.826203 0.782180
-11.006049 2.338465 -1.450722
4.296340 5.597864 1.352874
-0.165527 6.024210 -0.047214
-11.719218 1.317512 -0.809417
8.940027 4.000843 1.982510
-7.799766 4.545106 -1.980827
0.648440 5.997781 0.215945
-9.439233 3.701429 -1.925586
5.093296 5.418329 1.562480
-1.617041 5.963385 -0.539520
4.798204 5.479985 1.444131
-10.958570 2.472672 -1.475813
-11.566699 1.583493 -1.017548
-4.790114 5.522821 -1.454516
-11.976844 0.370870 -0.216047
-8.006448 4.489492 -1.973376
-10.334608 3.042828 -1.754037
-11.309905 1.931983 -1.223810
7.871148 4.508977 1.971721
-12.007354 0.263824 -0.143173
4.059539 5.651842 1.283927
0.119291 6.017641 0.021346
10.139781 3.229812 1.813646
-10.149478 3.196309 -1.820946
5.903127 5.215078 1.722874
-6.688048 4.950533 -1.870421
9.322466 3.799422 1.955626
5.422616 5.350624 1.592840
4.275948 5.619971 1.336933
8.817899 4.061670 2.023988
11.914667 0.652463 0.420872
-9.034106 3.931744 -1.977199
-11.865919 0.914123 -0.646770
9.097251 3.958060 2.007815
10.483804 2.943987 1.722391
5.504087 5.326889 1.601016
11.623802 1.548780 0.978623
-5.442885 5.339808 -1.645759
4.778266 5.499391 1.451330
-2.333846 5.858169 -0.775882
-11.497773 1.755677 -1.098768
-10.900926 2.552594 -1.527514
-11.640212 1.469389 -0.976173
-11.773699 1.187519 -0.763303
-3.340599 5.779352 -1.058656
-0.083605 6.008246 -0.018690
11.938366 0.710850 0.483385
11.364740 1.904349 1.211861
-0.925721 5.961116 -0.289145
-10.741879 2.648120 -1.592136
2.507939 5.849058 0.791739
12.025583 0.080314 0.033393
9.425360 3.721373 1.940374
-8.754534 4.086081 -1.977592
10.587036 2.868104 1.665765
9.734610 3.491636 1.913603
7.478252 4.659310 1.963878
-4.044443 5.642297 -1.274458
-10.435130 2.983715 -1.718238
9.269560 3.820826 1.965825
-3.678287 5.687366 -1.190876
-1.133593 5.979641 -0.364163
2.065304 5.944955 0.679147
-2.994215 5.785747 -0.955789
-10.014840 3.309804 -1.865038
9.279096 3.780770 1.939597
0.106496 6.003196 0.048128
11.417042 1.821886 1.150611
-0.506707 5.989477 -0.171553
-9.514170 3.660246 -1.957222
-12.021065 0.033479 -0.031808
0.953568 5.997275 0.315123
7.126350 4.833604 1.903116
-2.942338 5.819874 -0.975394
4.680046 5.530241 1.477015
11.188498 2.186049 1.309336
-0.905108 5.996787 -0.274431
-9.688704 3.529189 -1.918587
-11.300875 1.994101 -1.237234
-11.933598 0.407435 -0.271593
4.857526 5.509419 1.492043
8.465752 4.276963 1.978611
11.284129 2.046232 1.310513
2.389451 5.876791 0.769083
-9.860713 3.417306 -1.899290
8.917369 4.018459 1.984334
-10.747552 2.708649 -1.616163
-7.398438 4.710015 -1.933359
9.697545 3.503220 1.873735
-4.860079 5.483385 -1.483449
-10.121084 3.211347 -1.829225
-11.738947 1.257437 -0.802695
10.455876 2.927823 1.696049
-10.168520 3.193934 -1.813254
-9.168432 3.899785 -2.002128
8.680293 4.141101 1.992281
7.191738 4.779606 1.910125
-11.915254 0.806731 -0.509334
5.031364 5.433451 1.516037
7.384750 4.743113 1.934369
-7.636704 4.642344 -1.951068
10.974879 2.408388 1.508629
0.635355 6.007310 0.216000
5.120788 5.385831 1.543378
-1.662210 5.933537 -0.539083
-3.826610 5.695760 -1.235170
-5.094430 5.449805 -1.530320
2.508287 5.888835 0.781392
-11.243383 2.059405 -1.305839
-10.444469 2.948414 -1.726728
-11.754338 1.263156 -0.829314
2.028718 5.920169 0.669714
-7.942915 4.511621 -1.994554
2.594347 5.848046 0.877843
7.682610 4.635930 1.933650
-5.493558 5.358795 -1.643620
-11.811748 1.013303 -0.642564
-9.824386 3.486308 -1.871055
7.527034 4.685677 2.005306
9.075699 3.923968 1.954801
-9.025156 3.945904 -1.961128
-7.205233 4.799435 -1.896823
-10.876440 2.506233 -1.468135
10.746305 2.661151 1.579747
-10.879721 2.519584 -1.538348
2.502163 5.878578 0.823737
7.844732 4.534524 2.014473
5.697374 5.283342 1.646571
-12.005693 0.114545 -0.078493
-11.869343 0.813358 -0.570172
11.568360 1.560359 0.953988
6.593000 4.988484 1.822219
-7.603431 4.620995 -1.964502
11.921704 0.689164 0.422070
11.922247 0.667735 0.465658
11.903366 0.850297 0.575019
-10.968794 2.385232 -1.466743
5.986333 5.208581 1.717327
6.475185 5.071327 1.830474
-9.557383 3.639779 -1.925186
6.495012 5.020683 1.800917
-8.157774 4.374500 -2.000080
4.794822 5.510728 1.440537
7.114839 4.822649 1.916672
4.133702 5.640989 1.314844
10.329124 3.005533 1.728866
11.677206 1.421946 0.918860
-10.969474 2.357989 -1.450033
-10.975858 2.380337 -1.474030
1.492062 5.970270 0.492478
-6.694943 4.947779 -1.832923
-10.891436 2.510181 -1.525874
4.018931 5.621116 1.304471
-7.406116 4.723420 -1.921113
-8.635174 4.168878 -2.030262
11.653371 1.456326 0.923594
10.862970 2.569500 1.536571
-8.473138 4.243174 -2.018628
-7.223991 4.777996 -1.874825
10.038579 3.298994 1.851922
-10.256527 3.081679 -1.764368
-9.755447 3.499529 -1.919919
5.994662 5.197853 1.667658
5.793820 5.277984 1.679558
11.292570 2.028205 1.251679
2.062736 5.955851 0.664608
11.336420 2.017184 1.278618
-1.616103 5.956593 -0.538702
-4.543964 5.543307 -1.338476
-3.056986 5.812250 -1.010249
11.685694 1.337862 0.872809
-4.470755 5.572002 -1.370584
-8.540357 4.222073 -2.011661
10.835663 2.587683 1.591903
-3.513890 5.740188 -1.113279
-10.094338 3.227543 -1.814197
9.874817 3.425555 1.890128
-11.565378 1.610741 -1.019929
-11.965013 0.533067 -0.393528
-7.393066 4.725677 -1.921359
-11.025454 2.359708 -1.481330
7.892980 4.518810 1.990441
-5.937332 5.252769 -1.695643
-11.639217 1.380677 -0.863649
11.893280 0.837181 0.509285
-10.167981 3.183274 -1.814145
8.817929 4.047693 1.997455
-9.698298 3.504288 -1.932996
-5.173290 5.445416 -1.557413
-9.769079 3.497422 -1.895745
3.655960 5.706923 1.143569
1.877896 5.949783 0.618168
-11.667964 1.415402 -0.945541
11.711505 1.362569 0.851913
10.563451 2.799863 1.660284
-11.955876 0.526404 -0.375752
-11.550132 1.629495 -1.049718
10.758771 2.652720 1.569468
-11.955281 0.506517 -0.353419
8.063607 4.427445 1.972667
-11.317803 2.004356 -1.238654
-11.455132 1.787947 -1.130439
11.981269 0.439320 0.337012
11.981706 0.154781 0.109711
6.191570 5.084593 1.785131
-11.717415 1.258553 -0.836691
-9.533584 3.651944 -1.945377
4.172117 5.627569 1.281917
-10.777570 2.555407 -1.540841
6.831523 4.943578 1.878349
5.525814 5.377440 1.665257
9.905211 3.410225 1.859895
-11.916192 0.807125 -0.498410
-9.808582 3.494625 -1.895978
1.408228 5.997504 0.436610
8.111441 4.424537 2.012508
-11.912157 0.664687 -0.454166
3.838519 5.679760 1.251506
9.426569 3.653051 1.933591
2.819362 5.832840 0.898547
-7.638565 4.628372 -1.969783
-9.015208 3.960256 -1.998496
11.301949 2.022004 1.273659
-11.834093 1.010605 -0.689632
-6.280960 5.121340 -1.780721
11.767433 1.138178 0.756389
-10.469332 2.925009 -1.672442
-11.943731 0.513002 -0.311304
-10.473531 2.920615 -1.725945
11.976102 0.200961 0.114492
1.043152 5.955967 0.362870
-3.285418 5.786262 -1.038808
-11.270928 2.086898 -1.295184
-0.130386 5.965757 -0.057885
11.694038 1.438529 0.960784
-11.706596 1.265159 -0.817994
-11.847038 0.907342 -0.609956
0.490210 5.989648 0.157658
11.865781 0.986894 0.667468
-10.473298 2.891495 -1.680729
-8.272862 4.364018 -1.986011
-11.998863 0.543410 -0.336802
12.026063 0.143050 0.093737
2.403119 5.877141 0.806175
7.541143 4.649695 1.958996
11.333657 2.025320 1.215400
-8.056805 4.425578 -2.036211
5.737074 5.288449 1.644973
11.924059 0.730323 0.501144
10.965025 2.475129 1.515107
-9.841790 3.437081 -1.900216
-3.906094 5.645649 -1.229122
9.360561 3.754171 1.983689
-6.935581 4.896003 -1.862550
11.004674 2.417922 1.461143
-6.242018 5.102771 -1.769260
-5.628929 5.275664 -1.650954
11.976174 0.076132 0.070942
-0.419760 6.015420 -0.161176
-7.861475 4.524269 -1.968462
-8.670875 4.139294 -2.012285
-7.222908 4.793376 -1.915781
-11.226410 2.080324 -1.286783
-8.674615 4.168010 -1.956231
-11.651429 1.470023 -0.961815
3.206426 5.746543 1.051096
11.932202 0.617198 0.443193
10.079611 3.232386 1.763272
7.437954 4.708423 1.959883
11.929765 0.776185 0.533463
11.304465 1.997310 1.256730
-0.708631 5.997217 -0.289857
8.449678 4.250974 1.992414
7.438583 4.664861 2.004218
-8.230181 4.377126 -2.004073
-10.784176 2.651041 -1.599371
-10.882121 2.489909 -1.531433
4.769139 5.564203 1.445530
-7.327251 4.757887 -1.948318
-10.720317 2.654245 -1.640848
10.701818 2.711325 1.615535
9.683040 3.546023 1.892412
-5.375267 5.390790 -1.600479
8.045935 4.432890 1.996074
9.875008 3.407909 1.882117
4.841925 5.481079 1.528003
11.966225 0.258625 0.219681
2.292199 5.902795 0.753900
11.887133 0.905457 0.614430
8.589742 4.194707 1.972654
9.277845 3.778746 1.949667
6.088710 5.140569 1.770988
11.055481 2.309355 1.414827
1.046135 6.008994 0.352522
-6.705806 4.984520 -1.839773
5.791073 5.253409 1.726975
-11.658013 1.363225 -0.901375
-10.854337 2.521235 -1.531905
6.850719 4.931913 1.845660
11.870313 0.751586 0.498304
-8.973077 3.976334 -1.998092
8.772867 4.064263 1.985480
6.028118 5.177768 1.748477
-2.944836 5.826570 -0.957464
-11.995194 0.031275 -0.020862
7.062290 4.870601 1.923190
1.177178 5.948768 0.364167
-4.682605 5.537853 -1.419430
-6.546427 5.021456 -1.819152
9.415332 3.694918 1.957166
-3.541304 5.703209 -1.155504
-1.639036 5.970138 -0.529067
-5.724925 5.259823 -1.658883
11.192496 2.116709 1.313611
11.077696 2.284984 1.426439
-11.958699 0.477001 -0.320424
-10.171290 3.198251 -1.819456
-10.266254 3.090211 -1.771147
-11.733142 1.251619 -0.802654
-11.872707 0.729803 -0.495897
3.896266 5.664770 1.249209
-8.579804 4.173444 -1.995585
-5.188144 5.406403 -1.530085
-2.241989 5.902646 -0.741031
-6.400334 5.056629 -1.818719
6.475982 5.109913 1.825955
-10.890069 2.512740 -1.495980
3.437863 5.711147 1.052544
10.737784 2.701911 1.603272
12.001647 0.194726 0.142034
-5.059884 5.431564 -1.546117
8.905118 4.000176 1.989717
-11.886254 0.803070 -0.535365
9.756273 3.459073 1.891654
6.554854 4.988174 1.805915
-11.987339 0.337632 -0.197034
-0.766219 6.001209 -0.202326
-11.634860 1.458024 -0.970239
-9.278024 3.792006 -1.979608
11.191692 2.174347 1.378629
9.369204 3.784082 1.900394
4.165642 5.619319 1.303955
-11.175919 2.173933 -1.353302
5.961980 5.182686 1.733234
1.412394 5.944392 0.453550
0.721976 5.980719 0.213954
6.272267 5.128931 1.802213
-9.388558 3.728653 -1.956318
11.809449 1.013644 0.702830
9.096902 3.902221 1.992173
-10.234291 3.107133 -1.797566
-4.270485 5.576993 -1.348087
-0.467810 5.958073 -0.151135
4.758143 5.487500 1.474497
10.997506 2.385118 1.461355
1.609042 5.946720 0.528678
-12.007174 0.249925 -0.164088
-3.517909 5.753595 -1.134332
-2.870445 5.807290 -0.898179
-11.958990 0.201006 -0.129632
-11.212369 2.147518 -1.323191
-12.000447 0.040870 0.009924
-11.876316 0.878865 -0.608946
-6.014319 5.212551 -1.725667
6.937651 4.944933 1.869185
-4.693542 5.512052 -1.393905
5.487926 5.330354 1.641648
-9.941263 3.355697 -1.874099
10.967874 2.473233 1.529724
1.389355 5.938567 0.449053
-10.536375 2.894831 -1.687434
1.709305 5.941673 0.564219
-3.756425 5.698044 -1.208017
11.458896 1.807793 1.130425
7.486054 4.665348 1.955623
-11.880244 0.896010 -0.551018
-5.670005 5.288424 -1.671558
4.951100 5.460728 1.489583
-0.641499 6.007742 -0.225399
-9.119295 3.917139 -1.962148
-9.425377 3.694238 -1.970556
-10.359081 3.054533 -1.748211
7.379762 4.734694 1.957704
8.794876 4.089485 2.009665
-5.062080 5.450655 -1.517707
-1.006545 5.977849 -0.338296
-2.465917 5.855234 -0.786878
9.399040 3.755405 1.968114
6.461331 5.056363 1.810234
-8.559741 4.223109 -2.010591
5.145137 5.398883 1.543765
-8.675503 4.157806 -2.030203
11.857950 0.860700 0.583043
-11.843193 0.938064 -0.629661
9.497065 3.643748 1.947458
0.844636 5.990118 0.264837
-11.636064 1.463989 -0.943794
8.428242 4.298144 2.035573
9.074102 3.950686 1.984442
-11.996852 0.242048 -0.195865
-11.468896 1.782906 -1.181832
-1.252230 5.946679 -0.394419
11.774679 1.152073 0.765522
-3.901077 5.668012 -1.260895
8.429174 4.241389 1.999790
9.430922 3.728313 1.941903
-11.750290 1.269356 -0.826266
-4.386339 5.594916 -1.382565
2.108944 5.881797 0.659955
11.761703 1.158191 0.755059
4.706824 5.551235 1.412130
-10.935055 2.482722 -1.489271
7.007628 4.896261 1.865402
6.351576 5.063008 1.771367
-3.932653 5.701495 -1.200902
8.391679 4.250464 1.984016
-2.138758 5.890206 -0.741900
-8.991282 4.004263 -2.011606
7.475265 4.728324 1.895583
1.019608 5.971650 0.329482
-2.864072 5.845661 -0.908012
4.996699 5.442503 1.493729
9.161335 3.883671 1.975614
11.230835 2.114327 1.324430
-2.419648 5.862150 -0.785489
-11.749573 1.164760 -0.762570
11.982784 0.354563 0.257028
-10.935318 2.435240 -1.525901
-11.924383 0.680344 -0.468141
-1.619952 5.966754 -0.518318
-11.939981 0.627916 -0.448105
-7.247028 4.804198 -1.902363
-1.681038 5.943530 -0.542958
1.357088 5.964845 0.447191
1.225185 5.976910 0.438713
-6.491463 5.021086 -1.777527
8.941606 4.015902 2.019418
-7.529095 4.690578 -1.952138
0.336342 5.996317 0.109187
-6.249875 5.130455 -1.774439
-11.818049 1.139188 -0.757678
8.945306 3.974674 1.978665
3.584257 5.712178 1.138158
7.795199 4.530586 1.958757
11.853103 0.987801 0.659327
-4.493383 5.586117 -1.416836
-4.700163 5.509618 -1.437249
-12.032021 0.008277 -0.033885
-3.773616 5.709750 -1.166219
3.851324 5.657155 1.206374
-11.440181 1.848367 -1.178151
11.973138 0.270163 0.191603
6.970543 4.849600 1.911548
-8.524150 4.221600 -2.011576
10.515168 2.950361 1.709227
5.106150 5.417051 1.533939
-10.646771 2.746862 -1.655104
5.645650 5.277795 1.661515
8.654299 4.174962 1.988983
-11.315482 2.008846 -1.260648
11.622416 1.459715 0.954837
-10.812052 2.612677 -1.585062
6.581942 5.017670 1.828776
9.574640 3.657641 1.928310
0.443257 5.991668 0.141605
0.639021 5.996051 0.220105
-11.936036 0.641682 -0.468022
-8.551819 4.196095 -1.993400
1.464579 5.938884 0.484024
-2.177596 5.906610 -0.729274
6.487965 4.998608 1.804791
-11.981324 0.321351 -0.241907
4.211242 5.580940 1.310174
-11.262080 2.129555 -1.312754
-5.631870 5.283805 -1.646673
-11.576715 1.559489 -0.989385
5.314194 5.388758 1.573790
3.139575 5.817151 1.007819
4.807315 5.489922 1.509275
-10.279401 3.092213 -1.779550
-11.873931 0.874081 -0.545901
-10.250243 3.136762 -1.827353
1.874758 5.936460 0.620900
-10.337524 3.077830 -1.761218
-7.913536 4.498671 -1.978182
-0.736616 5.971127 -0.273034
10.068669 3.274350 1.838196
8.804556 4.090903 1.988972
-7.185189 4.795217 -1.917636
9.757510 3.506312 1.882599
-2.243560 5.883437 -0.776298
-9.794809 3.444500 -1.912727
-5.557883 5.307826 -1.648933
-4.017524 5.671249 -1.276398
8.256103 4.345366 2.005308
11.150678 2.229192 1.352413
11.906885 0.606903 0.406433
11.859947 0.880209 0.601010
8.953615 3.989510 2.003313
-2.166043 5.872730 -0.686080
2.853452 5.794726 0.938615
9.652245 3.588234 1.911773
6.991382 4.866610 1.905822
1.451444 5.942531 0.455812
-9.671357 3.566173 -1.882933
-5.655619 5.291256 -1.642203
11.923081 0.735525 0.497139
0.689561 6.021473 0.267275
10.008047 3.342416 1.870949
-10.800260 2.628426 -1.577005
-11.232793 2.113590 -1.320838
-2.008524 5.912436 -0.649250
-8.165728 4.421107 -2.018918
-6.645152 4.970429 -1.832369
-10.079600 3.303379 -1.820779
7.673237 4.625392 1.941027
9.045460 3.968089 1.950991
-8.401353 4.285786 -2.004605
-11.932123 0.760941 -0.491542
9.001837 4.008038 2.003638
-2.538372 5.877987 -0.805941
-1.648409 5.964113 -0.557361
4.670958 5.508263 1.439417
-8.476858 4.242607 -2.015382
11.003789 2.390746 1.436862
4.690814 5.520097 1.442606
2.560666 5.877325 0.885076
-11.863826 0.857915 -0.505913
-6.555458 5.018104 -1.840124
-7.366784 4.755397 -1.954169
-11.989634 0.013796 -0.006944
9.069617 3.933977 1.975619
-3.848980 5.667242 -1.230346
11.344479 1.983592 1.270373
10.487740 2.949345 1.686889
-6.973122 4.855548 -1.882284
-10.240760 3.126026 -1.789909
-4.957043 5.449250 -1.515350
-2.993146 5.804594 -0.947454
-9.522160 3.713285 -1.919168
-11.869796 0.833730 -0.549363
-11.664242 1.386050 -0.939493
-9.926970 3.412091 -1.876568
2.538163 5.849167 0.822513
-8.885213 4.026349 -1.982048
8.896125 4.038504 1.997819
-11.424875 1.758807 -1.119603
7.628669 4.633252 1.964601
-11.950785 0.344647 -0.251933
6.997213 4.855776 1.900405
8.081988 4.451848 1.968224
5.895412 5.194267 1.719281
0.577362 6.005432 0.179782
9.677192 3.552043 1.921490
8.134378 4.458764 2.031136
-11.201262 2.145626 -1.335689
-11.770097 1.313605 -0.806438
10.604113 2.794924 1.646147
2.222970 5.916005 0.732847
2.974745 5.803094 0.945989
-10.350341 3.095025 -1.766069
-5.778236 5.252462 -1.679846
3.439946 5.756603 1.134401
-9.420498 3.696183 -1.926060
-3.912455 5.651078 -1.240855
9.474390 3.646907 1.959103
-9.554316 3.623430 -1.922066
1.318551 5.921727 0.437161
-11.271284 2.041391 -1.309870
-5.952040 5.252169 -1.666252
10.637759 2.704846 1.652333
-8.631296 4.145462 -2.009566
-3.029005 5.808200 -0.975396
-1.560937 5.963409 -0.505467
3.063456 5.832777 0.985910
-5.855188 5.233994 -1.717166
11.775314 1.168964 0.763573
-0.144505 6.008559 -0.056632
-11.758628 1.242680 -0.796362
9.567822 3.599821 1.900698
10.923592 2.519799 1.515162
3.324280 5.790640 1.070813
-0.739278 5.971607 -0.243822
4.506187 5.551330 1.384497
0.630950 6.001543 0.205457
-6.256191 5.148714 -1.749594
-9.542087 3.631104 -1.949158
11.832653 0.966113 0.606863
4.369135 5.566556 1.317518
-4.372054 5.570516 -1.380006
11.986486 0.406159 0.262039
-11.869529 0.962118 -0.629267
-5.173627 5.397207 -1.536005
0.562691 6.009789 0.224441
1.950112 5.925304 0.653969
10.686763 2.680302 1.594969
11.721516 1.242685 0.810898
-6.471878 5.052156 -1.817613
-11.658966 1.413666 -0.911259
-9.513529 3.661582 -1.936100
11.963690 0.424860 0.267312
11.928582 0.741617 0.450608
-0.484044 6.001577 -0.148650
-2.717959 5.854153 -0.898172
-3.948768 5.647724 -1.273828
-11.101859 2.256600 -1.409597
-11.369725 1.892256 -1.179726
-11.993760 0.200568 -0.118515
5.939945 5.162050 1.728152
1.176755 5.963728 0.410814
-11.988699 0.120968 -0.096987
-7.064407 4.902038 -1.916982
11.781907 1.051902 0.696992
-11.530271 1.656326 -1.095769
-4.286528 5.609783 -1.330134
9.863289 3.418596 1.857074
5.532982 5.350337 1.634329
-2.913993 5.789549 -0.951398
-5.560692 5.328527 -1.654646
3.364974 5.754097 1.043574
-8.357546 4.292886 -2.012158
-1.211451 5.981640 -0.417161
-11.960296 0.490971 -0.299215
-10.740095 2.685272 -1.570559
10.697509 2.740494 1.613101
11.370062 1.893469 1.189121
-10.739157 2.662993 -1.595355
-4.004502 5.660311 -1.264716
-11.974669 0.463076 -0.291985
2.405906 5.900415 0.772443
10.091535 3.217699 1.728199
11.946279 0.704473 0.427911
-8.970320 3.947628 -1.964952
11.582501 1.552631 0.984778
-5.265028 5.411801 -1.540980
-2.384970 5.886464 -0.806145
-8.233380 4.377250 -1.983908
-11.837331 1.081817 -0.681590
8.820675 4.072184 1.994791
0.653876 5.988833 0.216610
-8.529708 4.261912 -1.980816
9.639682 3.539646 1.908689
11.489729 1.718077 1.087765
10.899818 2.530818 1.510306
-11.741912 1.231337 -0.822778
-9.439245 3.686610 -1.983763
9.710585 3.523377 1.915650
11.969862 0.287118 0.180811
-5.064470 5.463666 -1.529833
6.369628 5.074437 1.797570
9.071824 3.939240 2.019323
9.718926 3.514271 1.901281
1.045964 5.942546 0.345678
5.674173 5.314151 1.669717
-11.774097 1.121742 -0.734017
-2.490624 5.891492 -0.806536
-11.383915 1.869185 -1.166396
-11.665957 1.417097 -0.895821
-11.382274 1.898685 -1.210639
0.074652 6.001955 0.032785
-3.146193 5.798153 -1.000545
-1.292453 5.969753 -0.410480
11.986411 0.358346 0.262363
-11.802585 1.000472 -0.707310
10.669063 2.749413 1.603155
-1.996794 5.890736 -0.601147
-6.549998 5.054995 -1.828135
-9.393276 3.730478 -1.952441
-1.592732 5.926544 -0.536274
-5.067734 5.413954 -1.559154
-10.276163 3.114537 -1.786577
-5.235450 5.394806 -1.560344
-6.009640 5.226215 -1.714390
-10.748765 2.628912 -1.588340
11.710447 1.358573 0.891538
-0.680316 5.992946 -0.224010
11.980070 0.490045 0.315339
10.646789 2.752849 1.611324
11.921830 0.539455 0.363503
-10.979402 2.494195 -1.478884
6.094069 5.190282 1.762212
-0.786027 5.991318 -0.245730
-9.421692 3.715226 -1.934149
-6.717348 4.979037 -1.858227
-11.634043 1.365761 -0.912448
0.377923 6.003881 0.113589
-7.109904 4.820654 -1.941036
-10.978691 2.435114 -1.483056
11.302828 1.975080 1.236763
1.099461 5.953064 0.363137
11.531405 1.651569 1.069740
-2.128101 5.894174 -0.703770
6.650376 5.008637 1.869167
-10.499130 2.898533 -1.672809
1.200560 5.973660 0.371518
10.500628 2.935521 1.753855
-11.077824 2.311635 -1.421958
2.755028 5.823310 0.889815
11.993119 0.381111 0.252529
7.969609 4.439319 1.991208
4.330714 5.595304 1.302748
11.992323 0.518384 0.315814
10.864027 2.577272 1.531169
7.152646 4.831938 1.894905
5.809834 5.271161 1.725880
2.333086 5.894633 0.762419
7.132173 4.834965 1.893344
6.381276 5.061413 1.791948
1.435399 5.980610 0.458105
5.388397 5.348720 1.599684
-8.475367 4.251794 -2.004354
-9.252197 3.831100 -1.967441
12.013667 0.346560 0.212619
10.456729 2.953305 1.730222
11.388589 1.885204 1.189541
5.358444 5.326852 1.583214
5.269423 5.391322 1.603949
-8.464076 4.256692 -1.997280
-7.908258 4.507354 -1.968636
-11.187306 2.152935 -1.343127
-6.519732 5.028831 -1.843009
-3.541746 5.720628 -1.132222
-11.973664 0.124722 -0.071524
-5.164325 5.388805 -1.570111
4.103598 5.624988 1.250664
6.910752 4.876408 1.859289
11.919447 0.661272 0.439865
-11.816128 1.038267 -0.685047
-8.534214 4.240896 -1.995608
4.522780 5.552389 1.369391
-11.117681 2.313250 -1.397995
-8.812516 4.094003 -1.982216
1.286986 5.926415 0.434694
-11.929919 0.807416 -0.563989
-11.322737 1.960962 -1.270862
2.059368 5.919595 0.672261
2.745143 5.845664 0.937549
10.675411 2.716200 1.608890
11.367328 1.855540 1.223998
5.181709 5.413335 1.582239
9.353009 3.734317 1.920818
11.713819 1.261934 0.830534
-8.105226 4.419643 -1.983692
-11.909448 0.726896 -0.477912
-6.659143 4.996817 -1.823737
-11.515216 1.770017 -1.070231
-11.008367 2.352185 -1.487803
-5.360369 5.376780 -1.555848
-0.864492 6.020663 -0.299121
5.168891 5.428951 1.540384
0.173255 6.016281 0.068539
6.384855 5.062301 1.790473
10.283477 3.092464 1.743772
0.180624 5.976993 0.075316
-5.811907 5.259419 -1.698342
-3.214221 5.777805 -1.049760
-8.136683 4.405298 -1.973158
5.922078 5.217242 1.716793
12.024946 0.004297 0.002457
9.449220 3.742577 1.936932
7.399557 4.746528 1.904281
-1.966293 5.934431 -0.652158
4.084103 5.692291 1.282376
-5.673729 5.283738 -1.691358
9.151686 3.890720 1.954632
1.196792 5.963891 0.404184
12.002114 0.032381 0.018234
-6.591275 4.953291 -1.847377
-10.919882 2.474981 -1.485013
-10.832089 2.591926 -1.546337
-11.080677 2.304995 -1.393401
9.776074 3.470409 1.921272
-11.959973 0.352304 -0.240915
-2.001495 5.899000 -0.620140
10.020588 3.348339 1.832283
11.506060 1.684153 1.078986
11.690900 1.319570 0.836442
-4.987409 5.436939 -1.481787
-4.722324 5.507013 -1.444436
-9.375082 3.752087 -1.946524
-5.760449 5.287457 -1.709895
-0.687068 5.963611 -0.239592
10.452511 2.940610 1.702741
-8.046268 4.448970 -1.985651
11.987975 0.145594 0.038008
-5.802678 5.223919 -1.692402
10.418962 2.970655 1.707072
10.552727 2.876632 1.674455
-11.491810 1.725708 -1.116205
-11.702472 1.354399 -0.863472
-7.668046 4.611173 -1.979855
9.008982 3.965542 1.966784
1.126751 5.973043 0.414839
5.578842 5.333299 1.624440
11.207246 2.170658 1.345433
8.845579 4.065416 1.978014
11.800121 1.115615 0.711220
-11.950867 0.505577 -0.334984
8.790791 4.069672 1.998738
4.149053 5.630122 1.339218
8.565507 4.166350 2.039868
-5.481900 5.342006 -1.644913
-2.333724 5.898716 -0.793233
-8.895095 4.028476 -1.953570
11.992589 0.239925 0.139681
9.647843 3.566665 1.928222
-3.680791 5.721477 -1.165964
-2.857582 5.834087 -0.932899
-10.230189 3.167010 -1.810359
11.604086 1.488032 0.933522
4.718904 5.495442 1.456905
3.575906 5.727050 1.138593
-0.506554 5.966104 -0.186942
5.437570 5.359541 1.613589
-8.070848 4.462947 -1.998971
11.357515 1.953189 1.207249
11.814477 1.139587 0.746412
6.666643 4.977356 1.823957
11.556540 1.642058 1.049417
4.002384 5.682600 1.241494
-2.965156 5.832657 -0.947171
11.571581 1.563228 1.013694
1.505577 5.947160 0.511096
-2.090694 5.885611 -0.677621
-2.386459 5.864983 -0.831390
11.965171 0.546124 0.340774
-9.099713 3.966946 -1.967567
-7.735667 4.588977 -1.965751
7.111256 4.824863 1.908437
1.052364 5.933211 0.338325
-8.189755 4.405123 -2.003563
-10.394437 2.979781 -1.720599
8.533587 4.187297 1.986055
-8.992054 3.942979 -1.974858
2.825508 5.838774 0.942215
-11.862806 0.890287 -0.566765
-11.158611 2.219200 -1.371864
5.170976 5.396764 1.583930
5.088011 5.422303 1.549062
0.533606 5.981871 0.190563
-11.892607 0.737242 -0.472789
10.788460 2.622957 1.558264
-1.839785 5.926458 -0.595381
-5.347465 5.305717 -1.549535
-7.660114 4.618535 -1.957292
11.756278 1.260067 0.791556
-3.677670 5.679288 -1.183692
1.846953 5.917821 0.611926
5.781983 5.218753 1.685318
-11.944969 0.541782 -0.373923
11.358947 1.948530 1.203962
-7.320496 4.791284 -1.956190
9.583738 3.618543 1.909011
-11.852200 0.965882 -0.660859
0.006798 5.992361 0.019460
1.757097 5.930453 0.561413
8.520056 4.218963 1.996872
-1.272875 6.009704 -0.418697
-10.886163 2.517557 -1.507215
11.639380 1.302332 0.859166
-5.748854 5.270378 -1.671522
10.772166 2.625521 1.590226
9.136174 3.921977 1.980148
-10.749102 2.637787 -1.595574
11.674988 1.350205 0.878169
-7.964548 4.457963 -1.957782
11.785837 1.083204 0.733512
-0.371969 5.998433 -0.103869
-4.559078 5.556971 -1.405816
10.753885 2.679332 1.618807
-9.780374 3.480572 -1.875511
9.232612 3.828335 1.954770
0.903870 6.002393 0.306945
8.753340 4.105477 2.029590
-8.849437 4.026100 -1.973001
8.487639 4.263406 2.008628
8.147650 4.378767 2.007529
11.988200 0.216675 0.115497
-11.422491 1.894500 -1.161302
11.920777 0.661893 0.424063
6.599265 5.008908 1.828370
-5.344704 5.354793 -1.566479
6.007331 5.219692 1.736126
-3.623478 5.668410 -1.168586
4.954351 5.436719 1.486345
-11.173231 2.198302 -1.369071
10.532379 2.883821 1.676525
11.995973 0.299525 0.245827
11.433612 1.838689 1.187676
-0.879340 5.972704 -0.273119
-3.419184 5.779393 -1.092497
-10.375432 2.965665 -1.716291
-11.912029 0.922282 -0.559971
3.647854 5.748494 1.170846
-10.226400 3.150679 -1.777680
3.509551 5.743048 1.138588
4.757228 5.510190 1.442788
10.969775 2.436100 1.489283
-11.033244 2.380578 -1.466872
5.946686 5.242253 1.729314
-5.319092 5.391481 -1.579785
-0.646143 5.996826 -0.216010
-12.010014 0.090005 -0.040188
8.313692 4.294155 1.986817
-1.956527 5.904889 -0.631939
-9.498200 3.709657 -1.970442
9.915146 3.392301 1.899497
-10.227951 3.142564 -1.784980
-2.169019 5.926232 -0.728829
11.395618 1.897217 1.209394
-11.941833 0.633110 -0.380473
3.304611 5.789121 1.063326
0.939866 5.983590 0.321186
-9.352976 3.780855 -1.969112
-11.927095 0.648095 -0.408978
8.637867 4.171179 2.006984
10.955017 2.506655 1.487556
-8.369578 4.303211 -2.000463
-6.332969 5.113112 -1.798558
1.974031 5.928438 0.666969
-5.375552 5.358212 -1.603272
-11.790348 1.002370 -0.697133
-10.546212 2.856535 -1.690209
-2.566876 5.884078 -0.837878
-11.493394 1.674564 -1.093539
-11.539402 1.638179 -1.045481
-9.017464 3.945019 -1.998790
11.196905 2.162286 1.406487
-2.306323 5.884513 -0.750178
-3.962522 5.627638 -1.225930
-11.137646 2.233511 -1.352853
-0.598302 6.034188 -0.185507
-4.106616 5.641316 -1.287129
-7.529775 4.680762 -1.930315
11.566276 1.545732 1.055958
11.793086 1.048092 0.669922
11.907347 0.589259 0.352985
11.309264 1.987634 1.255461
8.312541 4.314162 1.931776
11.875542 0.925475 0.590510
-3.562695 5.749123 -1.111516
-2.732108 5.820983 -0.905575
1.675605 5.949197 0.571185
11.965888 0.139300 0.085941
-0.739763 5.983884 -0.211581
11.068698 2.331670 1.407667
11.990614 0.123329 0.063023
-9.631178 3.579903 -1.917125
-11.504254 1.650642 -1.077468
11.698496 1.342306 0.879218
-5.765776 5.278573 -1.684958
11.812919 0.996399 0.658437
-3.097118 5.791161 -0.966265
-4.559657 5.568411 -1.419434
-3.205563 5.764577 -1.041384
-11.975072 0.215629 -0.119306
-4.202065 5.621982 -1.317477
10.377459 2.956817 1.770411
-11.747282 1.277086 -0.834150
7.050981 4.854805 1.924850
-1.536835 5.954586 -0.489830
2.470639 5.869488 0.832183
-9.855537 3.425374 -1.883563
11.565574 1.535836 1.004473
4.813198 5.454599 1.517478
2.160224 5.900124 0.719239
-3.603536 5.729882 -1.164460
-11.476352 1.686401 -1.119836
7.005550 4.876229 1.896472
5.580231 5.305329 1.638896
-6.161717 5.119926 -1.753489
9.480510 3.641480 1.901035
-0.383176 5.980654 -0.117115
6.459157 5.034392 1.795957
-4.574708 5.549359 -1.374431
-3.006375 5.781743 -0.966486
-6.627805 5.021109 -1.817412
2.600133 5.848590 0.881759
8.941877 4.017001 1.974597
11.959384 0.313294 0.146942
-3.782996 5.676202 -1.194006
9.124003 3.904863 1.943057
12.017351 0.064958 0.059353
4.596412 5.536234 1.429679
7.799731 4.528925 2.004408
-6.536913 5.022817 -1.816576
7.132400 4.847723 1.898560
4.842196 5.474533 1.476453
-7.768360 4.547384 -1.985620
-6.244832 5.113493 -1.756929
10.505791 2.900419 1.693785
-3.239908 5.779451 -1.007498
-11.710706 1.257229 -0.796983
-11.477402 1.635833 -1.061677
-10.701278 2.733631 -1.631990
7.580707 4.697714 1.989001
-11.889453 0.755856 -0.504200
9.721944 3.514610 1.907587
3.629208 5.726769 1.176670
11.216873 2.061935 1.334165
-2.471110 5.855871 -0.809343
-7.713781 4.611544 -1.934990
-6.654896 4.993855 -1.870328
11.976361 0.119014 0.122837
-11.977872 0.321023 -0.206603
6.720017 4.943651 1.853953
-8.229657 4.369878 -2.007921
-11.691355 1.392575 -0.857725
-9.262943 3.792029 -1.934046
-0.897240 6.002880 -0.273131
-1.443989 5.946253 -0.514038
10.814562 2.631404 1.583936
4.315378 5.615220 1.311224
-10.160853 3.175368 -1.783443
-6.485333 5.075827 -1.839298
-5.906680 5.222644 -1.705643
-6.492217 5.065941 -1.782800
5.481797 5.331961 1.600459
-11.939309 0.380368 -0.251411
5.887341 5.231852 1.700765
10.004612 3.315793 1.834250
-6.073229 5.156024 -1.771237
10.378208 3.022734 1.781947
-11.959358 0.485751 -0.289660
-2.832217 5.822355 -0.892796
11.186684 2.212488 1.357876
11.970270 0.487237 0.291204
-3.743852 5.668337 -1.153643
11.913562 0.770765 0.540906
11.828970 0.975937 0.638500
3.266489 5.774381 1.081551
1.949566 5.913779 0.654532
-10.301394 3.106372 -1.741240
10.986185 2.358799 1.478065
-10.988944 2.392752 -1.466117
3.545378 5.740734 1.121021
-10.726265 2.668897 -1.587986
10.659516 2.741867 1.604471
11.865038 0.899653 0.574618
2.390667 5.871841 0.762575
9.337298 3.775278 1.955083
0.793687 5.954581 0.258060
-10.133699 3.257656 -1.818805
-11.216370 2.134884 -1.318077
11.559698 1.626220 1.043382
8.309069 4.362693 2.001038
6.907555 4.895486 1.894668
10.250619 3.125209 1.780610
1.242374 5.991500 0.427742
11.834425 1.010286 0.657286
9.745944 3.487226 1.913751
11.744520 1.234745 0.814813
1.597320 5.938861 0.536117
-11.811070 1.100997 -0.732276
10.676240 2.748583 1.637748
-11.270263 2.080863 -1.312320
6.542424 5.030683 1.824216
-8.485205 4.253557 -2.015727
-10.566144 2.857027 -1.695551
-3.889192 5.695664 -1.233302
-7.670746 4.663181 -1.948305
-4.844358 5.485823 -1.486237
-11.706157 1.268219 -0.875876
-9.239014 3.830832 -1.998399
2.992416 5.780261 0.950918
7.323374 4.730711 1.930901
10.581436 2.816543 1.682145
-0.474981 6.026279 -0.137200
9.023892 3.935118 1.989001
8.889285 4.037458 1.987216
-11.170586 2.183569 -1.384394
-7.058505 4.836862 -1.892852
-1.495337 6.008027 -0.511853
-10.549283 2.827102 -1.655221
-0.968319 5.942647 -0.318182
3.895353 5.667024 1.246708
-6.605987 4.987388 -1.804367
-4.043386 5.647500 -1.262133
9.537296 3.648183 1.945472
6.443452 5.068151 1.840207
-2.300668 5.895718 -0.744619
9.287991 3.854969 2.005507
-11.594995 1.526475 -1.021561
11.861868 0.865212 0.550215
-11.093523 2.314815 -1.432380
-11.968283 0.374679 -0.206114
-4.248362 5.658490 -1.299294
9.419340 3.723629 1.973024
-9.913720 3.385800 -1.849439
2.158495 5.938016 0.725026
-7.411059 4.723644 -1.949400
6.357353 5.084016 1.759779
9.174171 3.868199 1.980994
-11.907080 0.858704 -0.546039
11.641739 1.430349 0.906497
11.797858 1.105526 0.698832
-9.282022 3.767344 -1.916348
-9.143808 3.894749 -1.987236
6.722953 4.991097 1.879714
4.633540 5.517773 1.411295
-6.682967 4.947755 -1.839993
-3.722044 5.693828 -1.200890
-5.378306 5.367705 -1.561535
2.430797 5.889834 0.800294
-12.005755 0.372044 -0.247375
10.711426 2.702066 1.623092
-4.802189 5.507593 -1.488918
9.553951 3.605734 1.938903
5.968416 5.211564 1.730694
7.135088 4.818627 1.880097
-10.226874 3.145689 -1.761735
-2.989438 5.834816 -0.953929
6.083239 5.187414 1.750935
-1.313712 5.952133 -0.455936
1.471014 5.969692 0.496860
-1.716726 5.958331 -0.540888
8.792732 4.048127 1.967419
4.646652 5.537932 1.394535
1.535724 5.935283 0.515927
11.582218 1.558132 0.994863
11.970810 0.297922 0.160574
-3.455090 5.727568 -1.109997
9.527719 3.613828 1.887906
-9.745123 3.461089 -1.883946
11.973200 0.465139 0.288244
9.203414 3.871781 1.943182
-4.750227 5.545025 -1.451130
10.985822 2.391327 1.516140
2.965112 5.817446 0.988196
7.105024 4.848765 1.912357
7.974904 4.504869 1.979861
8.895716 4.020025 1.975762
-12.005456 0.463745 -0.276795
6.417184 5.031699 1.821151
11.194448 2.161158 1.358808
-11.546166 1.590255 -0.999690
10.546970 2.849238 1.705389
-8.131369 4.411397 -1.992874
-5.748752 5.289004 -1.683458
-7.609408 4.633440 -1.962627
-9.078744 3.900891 -1.959720
10.147028 3.201964 1.812844
11.932290 0.716282 0.509057
2.600870 5.869825 0.831332
2.091520 5.888878 0.646034
8.830871 4.048984 1.977917
-9.913894 3.372200 -1.822031
11.305336 2.025917 1.285838
0.074482 6.012820 0.033647
-1.077361 5.975211 -0.390376
11.993593 0.169676 0.104259
-9.914062 3.337875 -1.867691
5.177092 5.419403 1.571810
1.580270 5.968665 0.502632
10.528767 2.906973 1.672826
3.710047 5.694423 1.157683
1.751375 5.957110 0.567430
-3.791364 5.700652 -1.184538
11.935365 0.633734 0.452794
2.717799 5.773152 0.891437
0.424720 5.979910 0.141244
-11.859559 0.884174 -0.594565
-3.601784 5.747982 -1.125526
-6.612681 5.016128 -1.850593
2.221065 5.882687 0.711612
0.251203 5.985375 0.078971
-11.966375 0.335933 -0.211281
3.142068 5.765550 1.005003
-12.005999 0.114947 -0.055504
-4.067065 5.668762 -1.245935
-11.553838 1.555546 -1.009706
-2.860495 5.800772 -0.939893
-10.135997 3.166278 -1.807298
-10.154851 3.160568 -1.804089
4.214924 5.610204 1.301757
6.138361 5.119934 1.767496
-11.808609 1.128376 -0.745034
6.129973 5.152861 1.778857
-9.333376 3.805919 -1.954004
10.166274 3.181660 1.773456
0.376870 5.959052 0.108084
4.501502 5.577762 1.378595
7.746837 4.584273 1.966631
8.729775 4.043625 1.992746
-11.936313 0.666936 -0.414285
-6.049749 5.173822 -1.729466
1.336725 5.964765 0.460145
-2.715647 5.815280 -0.869361
-10.626713 2.782737 -1.682377
-6.329672 5.121057 -1.756494
11.044617 2.374096 1.433761
9.442709 3.703656 1.964881
-11.326690 1.995912 -1.260965
-2.178654 5.925902 -0.739377
-3.370200 5.733828 -1.075226
10.455582 2.923193 1.665943
10.887588 2.515970 1.491091
9.330580 3.752462 1.951967
6.257259 5.121067 1.753347
-2.192820 5.867371 -0.733572
4.652200 5.490446 1.457259
-6.324500 5.103187 -1.800208
2.523360 5.837167 0.825198
-0.539398 5.970725 -0.183524
-11.853442 0.909775 -0.579001
11.913005 0.790868 0.497607
-4.989865 5.469030 -1.478165
-8.069998 4.435483 -1.972491
10.123326 3.212862 1.803761
-10.898141 2.530646 -1.531621
11.066388 2.247589 1.383700
-9.908711 3.385548 -1.857161
9.860203 3.424013 1.863728
2.722410 5.831571 0.889254
3.883350 5.673559 1.222165
-2.684333 5.856807 -0.894476
-4.923307 5.468743 -1.515853
11.904555 0.751487 0.530159
-10.053218 3.284013 -1.854811
-0.986216 6.021903 -0.352736
-11.586784 1.528159 -0.963681
10.339500 3.007304 1.728676
2.081457 5.912957 0.660088
-11.905319 0.840079 -0.595088
-4.916802 5.487707 -1.507663
-0.288466 5.995998 -0.112236
1.124156 5.951460 0.372531
-11.598779 1.555490 -0.986394
11.986782 0.142367 0.097226
-11.988084 0.166821 -0.095831
1.089664 5.963047 0.387037
-10.167303 3.199746 -1.794253
0.617543 5.983955 0.210771
-10.298432 3.110337 -1.746746
11.446853 1.833199 1.133719
2.737253 5.847766 0.893390
-9.013004 3.977531 -1.968282
-11.987589 0.095456 -0.015991
-0.504504 5.966491 -0.151807
11.679577 1.363270 0.923586
-8.443251 4.280993 -2.018111
-5.380535 5.373128 -1.617654
10.722340 2.741418 1.641397
9.493506 3.659849 1.897732
-0.099619 5.968271 -0.017485
10.384658 2.985394 1.772470
-11.558512 1.546700 -1.014684
-11.981780 0.162888 -0.127473
-8.557596 4.210088 -2.003547
-10.598431 2.815482 -1.665232
6.071725 5.176270 1.751879
11.332062 1.964543 1.251426
-7.892718 4.530109 -1.978291
-9.566600 3.658348 -1.920684
-6.883089 4.908732 -1.910960
10.223216 3.163719 1.765855
11.949530 0.520568 0.354622
-2.075014 5.887397 -0.662095
10.682009 2.694981 1.601429
7.236427 4.827255 1.916725
0.888942 5.947723 0.299049
8.453729 4.225252 2.027830
-11.740260 1.276549 -0.811768
6.344954 5.105435 1.816562
-2.285477 5.860102 -0.745451
-11.980253 0.502726 -0.350112
-6.105797 5.157825 -1.715592
4.194816 5.583826 1.308509
-8.586856 4.204495 -1.964232
9.836738 3.418842 1.871385
11.378436 1.960894 1.197519
11.887472 0.706001 0.485033
-6.035829 5.178997 -1.738780
-5.735573 5.273268 -1.685881
-6.091974 5.143294 -1.767832
-6.201475 5.130527 -1.769525
-3.088810 5.798263 -0.997146
-11.806409 1.082071 -0.711359
1.516477 5.965651 0.491074
11.080406 2.258783 1.400078
8.488859 4.219998 2.000504
3.437276 5.731080 1.103123
-4.177628 5.667639 -1.303319
5.159540 5.436064 1.548851
2.380228 5.871652 0.797522
7.251935 4.781870 1.927178
-7.883799 4.523526 -1.962689
-10.605202 2.811064 -1.692225
5.846909 5.267405 1.713381
-9.708625 3.504024 -1.898684
9.764542 3.516797 1.891611
-11.940137 0.464160 -0.281713
5.212664 5.396212 1.592006
-5.838719 5.233612 -1.686235
-3.771125 5.717634 -1.185376
11.601323 1.517353 1.005801
-3.156751 5.797493 -0.996729
11.839541 0.902067 0.570830
0.522017 5.973831 0.180699
-1.399204 5.940674 -0.458029
-11.862839 0.927908 -0.627330
10.107547 3.249703 1.796560
11.868678 0.885423 0.600660
-4.646931 5.553590 -1.440332
6.758978 4.993495 1.864987
-1.910195 5.935821 -0.643030
8.331170 4.329823 1.994037
-6.766357 4.993091 -1.863419
11.116491 2.320811 1.431306
-0.445800 5.976183 -0.150733
-9.018661 3.937654 -1.988415
-11.322853 2.016171 -1.238921
6.182999 5.132337 1.742262
-1.817567 5.912666 -0.644626
-11.885207 0.879051 -0.602119
10.869979 2.540550 1.510222
-10.324565 3.049822 -1.740983
-8.003679 4.468500 -2.031314
-11.909665 0.662840 -0.487123
0.420992 5.977406 0.129955
1.697535 5.936210 0.554341
-1.682820 5.928134 -0.534840
5.060925 5.415340 1.529646
11.783815 1.084648 0.710149
-2.580385 5.867354 -0.835986
4.077650 5.657603 1.274486
-0.241977 5.998323 -0.095099
-7.011527 4.856929 -1.851844
3.886396 5.662093 1.259397
10.459418 2.940681 1.720838
-10.352986 3.047542 -1.766097
-11.817494 1.061000 -0.682008
8.865786 4.037574 1.994788
-4.123373 5.646833 -1.223476
4.501080 5.568408 1.378948
-7.078255 4.818027 -1.926175
11.819255 1.018951 0.661331
-11.598220 1.525554 -0.929606
-10.790507 2.624497 -1.551548
10.888236 2.509231 1.546163
-5.112871 5.376181 -1.546149
6.092892 5.131897 1.743479
9.459885 3.697824 1.910217
-10.626352 2.748490 -1.649676
-8.539301 4.182645 -1.982835
-2.859477 5.797617 -0.935910
-4.439408 5.586939 -1.377793
-11.011751 2.399027 -1.452092
5.727419 5.280006 1.654986
0.253289 5.968946 0.099366
8.968625 3.976811 2.017382
1.773506 5.931952 0.594292
10.308650 3.038067 1.767523
5.561513 5.343385 1.629064
-5.206002 5.416300 -1.565577
7.711097 4.579551 1.988181
-5.535277 5.269603 -1.635172
-9.630476 3.557901 -1.919949
-4.723441 5.487793 -1.430082
1.124653 6.011593 0.416630
4.034517 5.655888 1.254507
11.699172 1.358971 0.868467
-8.925682 4.043069 -2.000734
-11.867835 0.850999 -0.574269
8.704059 4.128960 1.986635
-6.918701 4.899758 -1.864066
-3.804945 5.705252 -1.187955
-9.963111 3.334932 -1.852492
-6.514708 5.049788 -1.840670
9.781293 3.473573 1.899117
10.942827 2.439054 1.472598
5.895482 5.252859 1.702000
10.013530 3.313793 1.861444
-3.773632 5.679483 -1.223702
11.555407 1.649621 1.065116
-6.259293 5.118620 -1.790510
-9.387194 3.755588 -1.986488
11.925773 0.772134 0.532279
-11.244592 2.087888 -1.293764
-10.146271 3.211590 -1.821676
11.894024 0.826898 0.522960
-1.807380 5.935830 -0.607314
11.940640 0.532267 0.373852
0.889473 5.978995 0.286036
11.633089 1.515944 0.972629
-2.838526 5.801809 -0.931313
11.609999 1.460609 0.950940
11.511905 1.674609 1.064804
-11.935533 0.548490 -0.373702
-9.888108 3.381117 -1.870610
-6.185461 5.121457 -1.751558
-9.443536 3.726692 -1.928805
9.386323 3.757705 1.964944
11.376847 1.882657 1.232382
6.373228 5.071344 1.795089
-8.781916 4.093335 -1.965006
-8.633227 4.196323 -1.986264
-7.572492 4.640143 -1.968937
3.078907 5.770054 1.005367
-0.347572 5.996438 -0.163028
-8.201665 4.388660 -1.985898
-3.256647 5.784366 -1.058395
9.188985 3.834025 1.999051
1.148309 5.961176 0.376688
-11.718652 1.257355 -0.798373
-11.899360 0.718684 -0.461478
11.641647 1.459256 0.953542
11.164497 2.228396 1.376505
11.810188 1.075416 0.719030
-0.210470 6.017584 -0.042926
-11.383549 1.915797 -1.186263
-0.579540 6.000607 -0.199298
6.019523 5.183638 1.738832
-11.199900 2.214184 -1.350678
8.698499 4.129900 1.981436
-1.867225 5.896185 -0.589216
-11.273715 2.115866 -1.297958
-11.036035 2.351360 -1.455015
10.985979 2.457131 1.445287
6.911160 4.945232 1.879448
3.438929 5.762099 1.094135
-9.064070 3.961288 -1.992392
-6.665731 4.964550 -1.830000
-1.357919 5.977798 -0.459617
4.521399 5.553526 1.418947
7.409563 4.717505 1.918973
-3.093878 5.844846 -0.993317
-9.796895 3.475637 -1.852911
5.410868 5.370814 1.579817
7.528706 4.645516 1.979701
12.021385 0.168456 0.118422
11.254522 2.048344 1.318042
10.988759 2.390255 1.443543
2.507886 5.876945 0.845161
-9.168670 3.854182 -1.961189
3.569843 5.751106 1.081915
10.758676 2.659705 1.568354
10.404154 3.026430 1.735143
-11.844544 0.907368 -0.568355
-4.406622 5.600591 -1.388723
7.174249 4.791262 1.937816
-10.611698 2.830766 -1.637416
-11.848758 0.982928 -0.686366
-1.760289 5.952355 -0.578264
1.750175 5.938125 0.636088
4.183815 5.637576 1.317833
4.624752 5.556480 1.420765
-10.916139 2.516342 -1.484399
-7.424210 4.713295 -1.936603
-11.550248 1.608723 -1.065547
11.938067 0.617482 0.427903
11.014085 2.379002 1.492813
-0.929192 5.976199 -0.288566
-3.246203 5.735995 -1.063642
2.638547 5.851720 0.839555
-0.668733 5.998954 -0.221399
-11.446652 1.843705 -1.158384
-2.366852 5.872429 -0.765198
8.147356 4.380749 1.955494
-0.011608 5.994995 0.017176
7.127358 4.815135 1.874520
-4.750109 5.463467 -1.428908
-3.255909 5.761590 -1.030055
-7.330089 4.766181 -1.948548
-11.951812 0.491388 -0.337728
0.063961 6.014433 -0.003358
11.901431 0.706003 0.481661
0.173722 5.998180 0.041165
-0.283249 6.023044 -0.101999
-9.456816 3.653267 -1.940212
-11.701106 1.338181 -0.860462
10.533557 2.914898 1.661504
-11.205255 2.098294 -1.320478
10.286073 3.115299 1.771960
-3.363788 5.770891 -1.067020
11.961595 0.077965 0.074180
-10.599796 2.781823 -1.656482
3.249452 5.741623 1.006376
9.349136 3.747894 1.987983
-11.836055 1.020727 -0.660111
11.587609 1.594112 1.039023
5.369448 5.334583 1.588140
1.284271 5.986373 0.425805
8.091275 4.439452 1.938427
5.203975 5.402413 1.552027
-10.611532 2.869394 -1.662134
9.768657 3.425427 1.866757
-2.146838 5.921008 -0.730664
9.424509 3.683080 1.980311
-4.348610 5.599623 -1.356266
8.480060 4.266961 1.992146
6.569282 5.016907 1.821681
-1.025633 5.954587 -0.345926
8.484528 4.278327 1.997426
-7.882582 4.490198 -1.979313
9.135199 3.918181 1.962385
-10.489785 2.935805 -1.701419
-7.116822 4.854809 -1.938392
11.044637 2.374318 1.467236
-0.731192 6.027926 -0.289396
11.723365 1.235717 0.806586
10.286999 3.075575 1.774467
6.662565 5.008719 1.835245
-7.277574 4.713689 -1.942528
-4.378229 5.565298 -1.344515
-1.216464 6.010603 -0.393621
10.070425 3.265519 1.836253
7.102207 4.820896 1.907320
-6.629617 5.034437 -1.828215
0.342717 6.024460 0.155000
6.375211 5.090188 1.796263
11.727388 1.293109 0.850775
11.866326 0.904816 0.587987
-11.666325 1.427080 -0.920702
3.119603 5.792442 1.001767
-11.271477 1.969568 -1.255707
8.672013 4.150203 2.012328
-3.376228 5.747429 -1.087585
8.330599 4.333203 2.005372
-11.201722 2.146987 -1.352927
9.138602 3.864413 1.936127
-1.706364 5.914046 -0.537053
-11.927232 0.641634 -0.429382
-7.933527 4.502357 -1.965618
-2.025995 5.920903 -0.666673
4.985682 5.473874 1.515156
-1.137232 5.982160 -0.398334
12.022359 0.077855 0.043740
11.010769 2.367097 1.453587
7.673246 4.625289 1.957985
11.879035 0.885735 0.555281
8.794007 4.110874 1.983433
2.920369 5.807741 0.978246
-10.832114 2.604373 -1.566241
-11.648167 1.484684 -0.980973
11.985443 0.381626 0.248205
1.485341 5.960480 0.523850
-6.538383 5.045327 -1.831415
-8.544264 4.249483 -2.024208
10.508829 2.895372 1.670398
12.017725 0.120915 0.073300
8.490820 4.268171 2.026289
6.617787 5.012157 1.849801
9.968754 3.339633 1.846406
9.252259 3.838167 2.018969
-5.815691 5.245235 -1.695334
9.214218 3.827303 1.972824
9.960940 3.360733 1.884186
7.898005 4.522587 1.946589
1.682658 5.946797 0.541044
9.741692 3.494876 1.828412
0.195041 6.029247 0.085524
-11.777872 1.155816 -0.786435
-10.155471 3.205912 -1.820012
-8.516641 4.266889 -1.961636
-11.775187 1.079971 -0.694462
-11.624709 1.479129 -0.943435
-2.028714 5.922913 -0.630443
-6.771504 4.964261 -1.850956
5.338834 5.367125 1.642781
-1.424842 5.942393 -0.485877
-11.662719 1.445565 -0.924444
-0.286546 5.984444 -0.087981
2.949598 5.823911 0.949738
-5.769779 5.279136 -1.697212
1.283718 5.944670 0.466984
11.514998 1.761491 1.123556
4.449260 5.593416 1.390258
10.960775 2.524060 1.514764
-11.566924 1.591048 -0.997099
-8.250913 4.317862 -2.017127
2.265274 5.892213 0.779775
11.697708 1.343918 0.833923
11.248724 2.105009 1.306259
8.159580 4.405282 2.003156
-0.914569 5.998999 -0.285763
11.364766 1.964919 1.233689
5.010851 5.496469 1.521137
10.093169 3.200087 1.808285
11.373916 1.924707 1.185137
11.140779 2.206250 1.360890
11.170542 2.199627 1.400892
-10.351555 3.014475 -1.749859
10.118655 3.196395 1.848080
11.280430 1.989307 1.302564
-10.358646 3.089881 -1.766929
-11.910586 0.696777 -0.461624
-8.077452 4.434148 -2.021984
11.730198 1.342407 0.906613
10.927434 2.446100 1.532441
10.746105 2.646357 1.596478
11.392533 1.807011 1.177089
0.761465 6.007084 0.222783
11.847337 1.031203 0.692997
-9.588330 3.604600 -1.893936
3.305629 5.725095 1.072782
9.815551 3.458990 1.887377
11.479541 1.753273 1.131493
-2.604092 5.863182 -0.798595
-9.190154 3.883490 -1.945272
-3.071288 5.792754 -1.002156
8.792105 4.071212 1.989973
-9.752320 3.472643 -1.893061
-0.554947 5.983700 -0.174474
-3.238190 5.776199 -1.031201
-11.526465 1.734467 -1.099472
-6.266321 5.147217 -1.779881
11.206528 2.146887 1.332506
-6.865800 4.903688 -1.889045
7.353707 4.771165 1.893502
-9.454342 3.700019 -1.966107
-2.357686 5.904656 -0.728841
-1.512340 5.946792 -0.514812
10.876504 2.562186 1.550156
11.948405 0.529158 0.339548
-11.987792 0.512158 -0.299759
11.943593 0.570489 0.366617
11.850799 0.999427 0.642061
1.573139 5.976281 0.509948
-11.757294 1.204744 -0.768899
-1.496075 5.951074 -0.540814
-12.013461 0.165239 -0.104786
-7.545436 4.696318 -2.000135
-10.130970 3.221260 -1.814475
-10.128792 3.249054 -1.847504
-11.817168 1.063423 -0.677777
-11.940626 0.573639 -0.380787
6.217023 5.082466 1.773762
-7.317733 4.774974 -1.934633
-0.344726 6.004550 -0.090638
-11.965697 0.420843 -0.259030
-3.385424 5.742155 -1.082648
3.738298 5.720943 1.181769
11.932411 0.646004 0.418101
-7.907882 4.508056 -1.981074
11.984508 0.229698 0.165710
-5.399983 5.332326 -1.643680
8.058621 4.430195 2.012693
-6.289596 5.101444 -1.772652
-12.021012 0.113893 -0.093801
5.510624 5.300308 1.630533
-2.145654 5.892900 -0.688753
-2.106542 5.942631 -0.705513
10.449760 2.947877 1.704367
-8.157314 4.367504 -2.011394
-7.158124 4.801855 -1.877803
-8.999756 3.961819 -2.015566
9.237775 3.853295 1.999632
11.724461 1.264597 0.826301
3.943089 5.671524 1.217437
11.208634 2.145175 1.336973
7.745544 4.602923 1.986791
11.958088 0.350123 0.199080
3.664341 5.713128 1.182645
5.085170 5.434885 1.550642
6.222444 5.136212 1.787357
4.213133 5.633699 1.352708
11.920063 0.783448 0.537460
2.427661 5.896933 0.776577
-5.561348 5.320744 -1.657027
6.300627 5.083626 1.810719
-2.484573 5.854408 -0.808926
-9.734837 3.481459 -1.895156
-0.956684 5.973888 -0.309064
-11.718196 1.379317 -0.862353
-9.029326 3.929637 -1.956235
-2.147006 5.888933 -0.725053
11.596661 1.555384 1.007557
1.186761 6.014094 0.398485
11.909544 0.678826 0.433661
-11.892468 0.836767 -0.512015
11.867812 0.871755 0.569489
9.494722 3.655664 1.914308
10.038786 3.261178 1.817115
-10.851653 2.525504 -1.509774
-11.523527 1.713740 -1.054619
-7.826062 4.552992 -2.006300
-10.764535 2.662072 -1.587724
8.200213 4.396995 2.027396
-11.361387 1.921333 -1.206654
11.384159 1.881232 1.205975
6.736350 4.930254 1.863224
-10.850876 2.573459 -1.506466
-6.719852 4.934831 -1.853960
-11.726437 1.248749 -0.794766
-10.682163 2.747651 -1.629987
9.471451 3.708575 1.971513
3.065736 5.816453 0.964717
-12.010620 0.213411 -0.139266
-7.145639 4.838863 -1.912273
-9.560572 3.606166 -1.910685
11.590809 1.579428 1.015868
-11.882413 0.848879 -0.595468
-1.880666 5.926371 -0.634198
10.626605 2.786490 1.621174
-2.759190 5.831123 -0.918032
-11.585841 1.593359 -1.038055
-1.664456 5.927774 -0.577531
-11.979931 0.123874 -0.075909
-11.699895 1.353473 -0.882760
0.131586 5.987896 0.034491
-11.989268 0.618291 -0.403357
-8.933336 4.002681 -2.009796
8.370875 4.324276 2.012972
11.467107 1.836287 1.160644
11.984763 0.502668 0.346596
-0.843909 5.988428 -0.231418
-8.619476 4.193830 -2.021110
11.003325 2.368039 1.450212
9.638516 3.562933 1.922533
-11.985979 0.510801 -0.359979
-9.877915 3.394019 -1.881373
6.312663 5.066897 1.776123
-11.797804 1.050932 -0.721590
0.854621 5.969130 0.258279
8.346998 4.258101 2.006730
5.597743 5.309403 1.677346
7.838987 4.512100 1.992399
-6.877306 4.889201 -1.877792
4.621400 5.537748 1.426502
-2.911499 5.825651 -0.934607
-4.430103 5.572857 -1.378918
-0.180917 5.999502 -0.058323
1.802299 5.955962 0.559823
5.379482 5.391447 1.574872
8.926208 4.034786 2.019788
11.471187 1.783555 1.144758
-7.018598 4.882360 -1.898880
11.970594 0.312325 0.224396
-8.018850 4.451895 -2.007915
-8.589140 4.204680 -2.007277
-9.821796 3.406394 -1.873098
-5.177803 5.420911 -1.548311
-11.863393 0.899087 -0.562387
4.282847 5.583743 1.355611
1.518331 5.958112 0.503358
7.385116 4.735686 1.957841
11.973855 0.175268 0.148795
2.325721 5.874109 0.714596
0.075120 5.965935 0.006321
1.341331 5.960122 0.448142
11.940335 0.699788 0.450958
10.499716 2.873645 1.664824
7.844823 4.542650 2.015106
3.378225 5.744883 1.080530
9.582719 3.578763 1.891343
4.955426 5.477147 1.481123
7.452958 4.712710 1.951033
11.336712 1.974723 1.273901
-11.131478 2.287018 -1.423094
-3.999394 5.657048 -1.257055
-11.975936 0.283141 -0.235292
-3.799137 5.727131 -1.226059
-4.206079 5.591722 -1.344975
4.972159 5.479221 1.500844
-9.796089 3.466555 -1.856626
1.433248 5.977876 0.481928
-10.210997 3.135552 -1.786126
1.234437 5.984486 0.403765
-8.201902 4.422801 -1.996001
-5.849045 5.218783 -1.685366
3.824811 5.715161 1.210188
11.523321 1.712462 1.085520
8.918560 4.007870 1.974570
2.205897 5.885158 0.693742
0.951038 5.985065 0.350053
9.364380 3.784863 1.936580
8.215836 4.389284 1.971334
6.312065 5.119940 1.806973
-1.762578 5.927968 -0.613618
11.546499 1.629751 1.076559
3.477798 5.705545 1.070530
-6.534182 5.086984 -1.822921
-10.465626 2.989784 -1.721946
-0.619643 6.013223 -0.206831
-11.854232 0.941068 -0.589797
-8.085753 4.423869 -1.984901
-9.464062 3.712915 -1.935218
10.938263 2.477626 1.502683
-0.251379 6.023766 -0.103833
11.958314 0.687341 0.433652
-6.063755 5.138439 -1.734777
6.271886 5.089108 1.764324
-11.161615 2.231948 -1.374017
11.020294 2.403550 1.446490
11.687425 1.365137 0.907292
3.846055 5.700887 1.231905
10.541599 2.875574 1.653962
-1.861425 5.922504 -0.605680
2.499794 5.887520 0.831700
11.993456 0.442754 0.249341
8.653891 4.167028 2.002676
10.647820 2.792457 1.619984
10.159948 3.226306 1.803760
-11.984752 0.260166 -0.177521
-3.001820 5.827070 -0.997125
-9.192145 3.851488 -1.981625
4.211016 5.605213 1.332676
10.118382 3.201510 1.807658
5.904424 5.208024 1.745114
-6.912925 4.904994 -1.911802
3.251779 5.778726 0.976928
12.046056 0.170310 0.137977
-2.091618 5.910594 -0.710935
-0.395419 6.007639 -0.149870
-6.480232 5.049553 -1.834926
11.970420 0.555767 0.392881
-11.259462 2.048173 -1.294137
1.415325 6.000544 0.483198
5.079933 5.430605 1.536810
7.406300 4.782084 1.954235
-10.710827 2.746737 -1.622014
8.102873 4.454931 1.993030
7.022990 4.870431 1.894159
-11.287535 2.046842 -1.246984
1.121047 5.965534 0.389627
11.847462 0.896527 0.599503
11.149030 2.226262 1.382624
-8.566770 4.202186 -2.008763
6.262335 5.130604 1.761985
6.909116 4.930222 1.873239
7.207403 4.767325 1.896816
-11.958876 0.517787 -0.356381
0.555048 5.980009 0.147121
-11.400133 1.972436 -1.215488
-9.580838 3.620553 -1.933657
-9.404947 3.677535 -1.959332
-9.182127 3.851868 -1.975513
6.861062 4.874100 1.908157
-10.240469 3.177305 -1.796753
0.335863 5.999078 0.125420
10.238636 3.108991 1.781900
8.430907 4.289298 2.020790
-1.127684 5.975392 -0.366843
0.702385 5.990782 0.197213
-12.002294 0.229074 -0.163022
-4.427962 5.577896 -1.359724
-4.494800 5.536323 -1.361431
11.800664 0.998372 0.628054
11.683195 1.269881 0.795579
6.971304 4.866051 1.903258
2.000101 5.889662 0.642317
-11.720821 1.328301 -0.901734
11.845397 0.993482 0.623936
-7.751057 4.603121 -2.018561
-4.489782 5.556030 -1.344797
8.646061 4.138720 1.970306
-11.630319 1.527592 -0.992016
4.407557 5.571755 1.337356
-10.464240 2.967391 -1.724240
7.866552 4.548428 1.976609
-2.480461 5.887529 -0.812651
-9.180220 3.865395 -1.972064
-10.917993 2.491458 -1.521768
5.175933 5.421980 1.534839
9.448852 3.704805 1.917776
-5.588103 5.299709 -1.634885
-5.110379 5.430591 -1.571684
11.873026 0.850273 0.578385
-3.781724 5.692628 -1.156620
-11.797503 1.048148 -0.721969
8.566027 4.206482 1.999179
-4.648389 5.499696 -1.428135
-11.603937 1.560510 -1.011966
4.257525 5.608253 1.295081
-10.120761 3.232346 -1.804060
-11.359382 1.882449 -1.173664
11.863605 0.893623 0.600203
7.268578 4.790616 1.943889
8.674577 4.143677 1.997872
-11.514856 1.681903 -1.099803
-3.740308 5.685211 -1.162780
11.107582 2.258873 1.385196
4.385062 5.608670 1.368718
7.922792 4.554862 1.992374
-12.007000 0.095681 -0.073322
-11.199228 2.199371 -1.340468
-10.723881 2.712591 -1.612170
11.320543 2.020375 1.248301
4.379287 5.566260 1.355106
2.237488 5.889142 0.715672
6.360755 5.095968 1.813338
-11.201573 2.092494 -1.292050
1.703134 5.949627 0.565736
-8.851883 4.060959 -1.995082
-3.032932 5.778249 -0.974888
3.624262 5.703452 1.155028
11.544226 1.645716 1.052653
-10.775009 2.588087 -1.568128
0.703955 6.017345 0.232336
11.677544 1.363192 0.862205
0.826781 5.992794 0.278746
11.888521 0.862523 0.521607
6.488068 5.006902 1.834262
-11.414495 1.900775 -1.205631
5.677894 5.269513 1.647826
6.042622 5.189841 1.717964
6.884050 4.895392 1.894456
-2.602361 5.841793 -0.865826
0.018733 6.001015 0.004549
4.345779 5.609691 1.354699
-10.747878 2.712773 -1.609618
1.235217 5.977515 0.405840
-10.484323 2.904733 -1.714315
3.594371 5.736362 1.141883
5.406843 5.344023 1.599937
10.256390 3.144649 1.780886
11.737869 1.275575 0.848214
-2.691496 5.853164 -0.848530
5.255099 5.407616 1.580928
10.790617 2.670746 1.593837
-0.999606 5.978028 -0.363329
-7.564232 4.667701 -1.976494
-4.776181 5.505219 -1.463915
11.953135 0.329164 0.226659
4.778442 5.524094 1.483969
-6.165509 5.124668 -1.784828
3.866043 5.677098 1.189538
2.258109 5.905301 0.735747
-9.479527 3.722691 -1.944829
10.606412 2.789150 1.633668
10.302904 3.051353 1.784985
-8.944560 3.994175 -1.973366
-11.631742 1.523032 -0.958942
10.423003 2.960123 1.702124
11.808966 1.091143 0.746833
-10.085964 3.268948 -1.874189
-2.560841 5.873447 -0.817319
8.644671 4.133290 1.978160
11.896222 0.878476 0.541423
-1.873569 5.939390 -0.613648
10.653529 2.768377 1.653058
-11.425584 1.849978 -1.161819
-11.493968 1.758572 -1.098494
-8.123535 4.425550 -2.027204
-11.984747 0.290261 -0.194520
6.882753 4.905691 1.896818
11.198073 2.170105 1.363111
-5.189104 5.416590 -1.604631
8.609498 4.199992 2.002002
-6.921525 4.869230 -1.885649
11.668559 1.362486 0.887155
5.708403 5.275651 1.664716
-5.693678 5.261596 -1.691016
-11.768627 1.219342 -0.797158
11.582613 1.589549 1.020839
1.795920 5.898634 0.567048
-11.799904 0.995118 -0.716426
11.847965 1.039215 0.614381
1.699092 5.922071 0.560838
-8.402695 4.263399 -2.016539
0.763118 5.968514 0.296937
-10.780667 2.654955 -1.611965
3.643836 5.732768 1.158548
6.841695 4.941280 1.912850
11.950885 0.451953 0.335888
0.320957 6.041445 0.105070
-11.973402 0.376846 -0.206322
-11.557048 1.582178 -1.020140
12.024248 0.025104 -0.008082
11.901746 0.602828 0.438030
11.813278 1.095192 0.706667
-10.877546 2.577593 -1.541413
4.955346 5.459849 1.486407
7.790376 4.582477 1.973839
-8.282981 4.349250 -2.031619
5.854360 5.219316 1.690840
4.288231 5.636187 1.334246
-6.976361 4.887202 -1.901815
-11.338774 1.969530 -1.244564
10.167631 3.160578 1.776012
9.653405 3.591799 1.925767
9.727574 3.512155 1.887566
-11.808393 1.036743 -0.667117
-2.240190 5.878509 -0.739968
-10.126057 3.201871 -1.779374
9.904095 3.363888 1.885576
-10.942938 2.495679 -1.521473
7.098748 4.861740 1.919332
-4.453219 5.566239 -1.390011
9.332497 3.774731 1.911774
-0.474944 5.984970 -0.191877
-8.579625 4.155499 -2.025327
10.207531 3.144143 1.807727
-11.922778 0.664873 -0.440616
-10.626428 2.764788 -1.624285
-7.145220 4.827347 -1.902871
-8.616226 4.154423 -1.991226
7.542496 4.723434 1.954982
11.464734 1.748319 1.104900
6.284459 5.099292 1.772493
11.006524 2.419461 1.488350
5.932195 5.224800 1.714275
-8.936740 4.009274 -1.968327
10.290277 3.077658 1.761263
11.666131 1.382335 0.879522
-9.892555 3.426301 -1.875329
-11.719926 1.264412 -0.808630
3.340561 5.795027 1.076873
9.344535 3.748201 1.967579
-11.275566 2.116327 -1.318201
11.805553 1.092257 0.698899
5.534134 5.312733 1.650591
-9.782982 3.438067 -1.892280
-7.976707 4.486002 -1.960025
-8.787829 4.067235 -1.994010
0.707045 5.983904 0.224394
-7.218081 4.811328 -1.928329
6.922491 4.905627 1.892307
-10.979854 2.431709 -1.505809
-9.410751 3.687017 -1.919545
-11.793899 1.093034 -0.725025
-8.854451 4.051530 -1.984088
-7.898262 4.523815 -2.002149
9.931775 3.366318 1.883980
-2.555521 5.854936 -0.819571
11.671376 1.409739 0.910927
-11.592215 1.561362 -1.010648
-9.660738 3.560270 -1.899289
-1.317177 5.961246 -0.449759
-10.402505 2.988227 -1.701746
-10.997051 2.408275 -1.453974
5.177927 5.395538 1.563741
-6.229082 5.159956 -1.765941
10.974097 2.401234 1.465589
11.843208 0.890131 0.584387
-9.116539 3.931678 -1.981446
9.292887 3.794799 1.953415
3.537620 5.743788 1.102041
0.375335 5.998763 0.096276
-11.813391 1.040497 -0.678201
-9.208227 3.873300 -1.977373
-1.848643 5.920964 -0.640139
-9.897595 3.375876 -1.884427
8.476254 4.207218 1.980014
11.572365 1.609718 1.059297
8.340707 4.353351 2.008713
-3.565148 5.724347 -1.143795
5.906971 5.234779 1.676905
-11.959342 0.272757 -0.127200
-1.966609 5.910935 -0.643193
-2.544499 5.838046 -0.833313
-8.279462 4.343530 -1.988599
-0.588679 5.990839 -0.205539
10.250337 3.109500 1.758660
9.691304 3.549455 1.870826
1.745356 5.946851 0.583038
8.401738 4.280861 2.028978
9.575520 3.661629 1.935976
4.841897 5.506764 1.476377
-9.725616 3.488292 -1.881057
-10.951274 2.479895 -1.497158
8.120593 4.379206 2.024820
9.753408 3.505409 1.898651
11.922871 0.692305 0.462217
12.002253 0.203641 0.098062
4.884842 5.456440 1.492087
9.831544 3.433348 1.873485
-0.165000 5.996354 -0.052097
10.977927 2.383848 1.464322
-4.665014 5.543847 -1.425925
-2.152248 5.893129 -0.714921
-11.560102 1.636716 -1.047698
-9.946742 3.367415 -1.884289
11.151699 2.256369 1.385602
-1.774025 5.942098 -0.549795
4.836975 5.495546 1.433318
11.925619 0.757535 0.496245
-1.863843 5.913013 -0.587924
-11.972002 0.462204 -0.296152
10.790437 2.655710 1.564050
11.942100 0.078246 0.055195
9.735043 3.493772 1.897555
2.590591 5.841380 0.849607
8.097856 4.412951 1.990962
-6.852803 4.923873 -1.869496
8.010080 4.448004 1.979386
-10.903221 2.495540 -1.518030
11.027478 2.376374 1.436147
10.592584 2.830119 1.621791
-11.964622 0.524640 -0.385184
11.684318 1.386787 0.900300
-8.617918 4.218363 -2.017321
11.562391 1.567006 1.021231
10.573065 2.866783 1.709278
-4.608758 5.538793 -1.394538
-10.240527 3.105217 -1.763108
-4.333610 5.605968 -1.370189
-12.045602 0.054762 -0.028799
-11.995325 0.245598 -0.164083
10.720083 2.734843 1.613776
1.287888 5.959509 0.425523
1.144497 5.994925 0.369926
10.019630 3.338543 1.849497
-5.732760 5.239481 -1.705319
-11.018583 2.401370 -1.437291
-8.225776 4.389563 -1.935932
-9.431969 3.675102 -1.932281
8.221606 4.362689 2.018624
-2.454728 5.884749 -0.815181
10.177756 3.167500 1.829201
-8.819926 4.041927 -2.009859
-11.708673 1.279593 -0.847115
0.068222 5.983451 0.039569
-0.681691 6.019534 -0.240171
-8.187899 4.401159 -1.993311
-11.320298 1.951903 -1.221409
11.484000 1.721697 1.160598
-8.620034 4.201433 -1.981608
-11.349295 1.938463 -1.200447
9.519451 3.652819 1.919829
7.219746 4.801156 1.956400
1.097347 5.983791 0.344308
-3.525329 5.692295 -1.093440
1.604323 5.930676 0.524423
-2.747432 5.822426 -0.913523
4.107457 5.639674 1.289965
2.906535 5.820039 0.949411
6.747636 4.961122 1.863945
-5.594089 5.328193 -1.640655
-11.772243 1.154632 -0.758417
-11.989748 0.257019 -0.171417
4.349130 5.587265 1.327198
11.882607 0.839369 0.560154
-4.906228 5.424214 -1.507493
-11.890546 0.910187 -0.595363
-11.834400 0.883720 -0.600065
-6.561150 4.996055 -1.874451
4.611845 5.527921 1.391172
11.588377 1.561532 0.994715
1.403253 5.971536 0.488603
-5.593766 5.297766 -1.619021
-7.744428 4.589530 -1.980811
-5.817221 5.264194 -1.683442
-9.373135 3.746524 -1.916153
11.278452 2.091981 1.311860
-0.634271 5.967251 -0.212128
1.790353 5.923870 0.605687
-0.076770 5.996703 0.021106
1.309585 5.915157 0.437900
-3.872412 5.629995 -1.228886
11.340508 1.927446 1.241312
11.976801 0.223167 0.109897
2.353709 5.889508 0.800959
-3.316564 5.759357 -1.050874
2.796774 5.823843 0.926902
-0.539794 6.004079 -0.182188
3.696139 5.738441 1.178504
-9.973420 3.331482 -1.837582
-9.911232 3.343140 -1.835034
10.665777 2.746284 1.553671
-4.589246 5.562588 -1.424899
-0.892395 5.990263 -0.276519
11.838109 1.018999 0.718723
11.563130 1.641028 1.065034
-10.021419 3.293109 -1.877837
-7.529703 4.646896 -1.957276
10.574605 2.831986 1.713949
-3.230999 5.782062 -1.057249
-11.353084 1.974361 -1.229521
-0.887589 5.988641 -0.285510
-3.747107 5.701024 -1.224542
-6.345863 5.083762 -1.793570
-1.097410 5.941138 -0.367925
-11.153670 2.239209 -1.393096
8.350306 4.327181 1.986431
9.096963 3.884391 1.999888
11.405905 1.889273 1.181658
2.094409 5.909454 0.692126
6.230072 5.135996 1.822323
0.022626 5.958250 -0.018178
10.283034 3.116491 1.775219
0.740509 5.983701 0.244556
0.143512 5.987521 0.041183
6.884887 4.918880 1.867241
-9.837231 3.481243 -1.877500
-0.208121 6.033682 -0.068651
-3.528309 5.763733 -1.112739
-11.844718 0.859896 -0.588800
-11.110536 2.280579 -1.357077
-5.250336 5.369812 -1.592506
12.005395 0.080840 0.073571
-5.267417 5.413405 -1.571200
6.906751 4.899893 1.874084
8.549102 4.202342 1.948731
-3.888412 5.647010 -1.209639
10.220438 3.141056 1.811385
-8.106227 4.421914 -1.977761
-9.169018 3.888442 -1.992693
10.872112 2.533253 1.550845
10.669238 2.772914 1.647935
-11.692615 1.347999 -0.893222
11.968158 0.566138 0.382195
-9.643367 3.544345 -1.910235
-8.400194 4.265573 -2.023122
-7.141605 4.818529 -1.878056
11.958495 0.629132 0.451767
-11.789193 1.070150 -0.715421
9.584549 3.587875 1.956755
-11.064125 2.330629 -1.437584
-0.026354 6.061028 -0.033772
6.254089 5.147425 1.779919
10.236338 3.101300 1.764015
12.003676 0.211768 0.127260
8.857008 4.026138 2.024241
11.185170 2.136474 1.296412
11.974437 0.149923 0.077814
-5.936690 5.198743 -1.747058
-11.983224 0.422105 -0.253832
-0.554111 6.006583 -0.207500
-10.113024 3.211268 -1.817677
-11.906900 0.563821 -0.363651
11.617821 1.485950 1.001083
2.770901 5.824308 0.894263
2.901006 5.834128 0.929222
8.520385 4.228654 2.004510
-7.613310 4.686336 -1.981289
-2.009818 5.876141 -0.657581
10.347665 2.999254 1.742597
-11.794628 1.031803 -0.646848
11.154687 2.219618 1.362782
11.849966 0.945420 0.614865
-8.659605 4.173061 -2.008701
2.732598 5.832276 0.883542
-5.563038 5.315223 -1.628920
11.949833 0.528952 0.354529
11.615215 1.483769 0.926356
7.516794 4.648125 1.954123
6.180652 5.141026 1.781114
-1.048557 5.963536 -0.353873
6.497018 5.040324 1.806748
8.964065 3.974313 1.974716
-11.858136 0.929361 -0.615788
10.959567 2.434394 1.448859
-0.116163 5.981282 -0.073030
9.138677 3.888496 1.958955
-9.980680 3.340910 -1.850501
-4.424299 5.569003 -1.393937
-4.440386 5.544356 -1.366399
2.407405 5.899136 0.789737
1.561290 5.934482 0.520695
-11.988859 0.164749 -0.110057
2.821984 5.847518 0.872965
-5.709978 5.270424 -1.659549
11.530863 1.645086 1.026443
-0.938909 5.965896 -0.287566
-8.616423 4.165682 -2.006073
1.166940 5.958827 0.397490
-7.884299 4.521558 -2.002035
-5.935189 5.243626 -1.697672
11.313751 2.041183 1.287474
0.870965 5.979356 0.301492
11.943388 0.585976 0.408304
11.518057 1.709158 1.096706
-6.239363 5.117375 -1.759368
9.235625 3.824412 1.975935
11.879883 0.949066 0.634258
1.172950 5.946066 0.383897
-7.000337 4.889089 -1.898310
7.659132 4.614984 2.010919
9.894570 3.339742 1.844867
8.989512 3.983807 1.990694
11.924057 0.427874 0.309771
11.887350 0.743930 0.529355
1.392390 5.949277 0.484636
9.333416 3.780968 1.963211
2.673678 5.851321 0.873823
-11.568109 1.594114 -1.011506
-9.852812 3.471694 -1.892160
-10.251397 3.107964 -1.803007
-11.722772 1.332035 -0.873729
-5.979536 5.200678 -1.774322
2.338196 5.865946 0.760021
11.686982 1.355458 0.862234
-7.675340 4.636250 -1.958796
11.268207 2.072259 1.326041
6.966725 4.912616 1.932809
7.604638 4.621612 1.982989
-11.757710 1.157758 -0.784524
-10.981373 2.448647 -1.467489
8.369497 4.320365 1.989456
4.617742 5.527946 1.441781
0.862590 6.017596 0.268980
11.851661 0.863373 0.594719
11.994076 0.363633 0.245415
-2.603803 5.849894 -0.852345
-0.001712 5.953724 -0.000799
-4.748572 5.512527 -1.412195
-11.118856 2.229776 -1.371773
10.905513 2.500495 1.559358
-11.366313 1.916153 -1.148637
9.473094 3.678289 1.936461
-11.664773 1.461160 -0.952931
10.530875 2.852819 1.659407
3.718026 5.709709 1.181240
-8.122669 4.391495 -2.019989
9.699303 3.534706 1.903579
11.180568 2.145856 1.319007
7.951055 4.488698 2.002740
5.856214 5.254400 1.737208
-11.249558 2.124785 -1.315396
8.492111 4.223178 1.999197
-6.516216 5.047610 -1.825157
-10.426261 2.954147 -1.718718
11.973470 0.243543 0.175846
7.797405 4.565664 2.008499
-11.445228 1.779650 -1.142752
-3.052007 5.826526 -0.986892
10.349981 3.055334 1.729637
0.289389 5.979741 0.069165
3.673665 5.718120 1.153638
-10.364610 2.957886 -1.730913
-9.529527 3.632261 -1.921815
6.303824 5.101024 1.756280
-11.968145 0.353191 -0.240869
11.868921 0.905861 0.563900
-11.496066 1.685894 -1.069033
11.425234 1.821991 1.139492
-2.066831 5.902776 -0.671070
3.000890 5.826104 1.002201
-10.202259 3.164903 -1.828232
0.736555 5.973605 0.238780
7.597454 4.637334 1.956098
-7.412174 4.715767 -1.927633
4.361898 5.595663 1.356699
2.807696 5.863194 0.894357
-10.042530 3.295241 -1.843754
5.245310 5.408262 1.550275
-1.094307 5.969452 -0.364587
-9.920171 3.403545 -1.892590
-10.236822 3.112582 -1.786495
-6.524078 5.031982 -1.829518
-7.386316 4.724954 -1.928007
11.461377 1.749279 1.121713
-1.698789 5.930353 -0.576365
-3.609603 5.689366 -1.161525
10.841428 2.557060 1.542938
-11.267844 2.051902 -1.293530
-6.300359 5.125286 -1.790000
11.372254 1.906601 1.232486
11.158674 2.276679 1.387468
11.363629 1.958438 1.219050
10.760892 2.639238 1.574347
-3.344937 5.774054 -1.020782
11.436352 1.810278 1.163217
3.359494 5.758144 1.058635
7.380252 4.734317 1.968028
-5.566493 5.328167 -1.675895
-7.417504 4.709361 -1.980937
-5.055881 5.426737 -1.514324
-3.526041 5.754385 -1.159403
-2.127043 5.884030 -0.696142
-8.936675 4.022445 -1.991288
-0.045743 6.045338 -0.002823
9.338279 3.738424 1.935552
11.314477 2.026416 1.292635
-3.704384 5.699061 -1.177258
-9.814798 3.423484 -1.885680
-7.567829 4.644268 -1.956669
-7.314996 4.736970 -1.910324
-9.210944 3.877243 -1.973165
11.585889 1.496467 0.960146
-10.722217 2.725567 -1.582193
11.964971 0.579902 0.358984
-2.218494 5.882914 -0.712818
3.147825 5.804062 1.027517
10.974208 2.432676 1.476233
-2.719056 5.826284 -0.913797
11.191840 2.130114 1.302727
11.870274 0.985431 0.585037
-7.392111 4.704902 -1.923844
-11.301268 2.012467 -1.264938
2.225295 5.887387 0.745396
-9.873095 3.431574 -1.863011
-11.863201 0.880744 -0.590881
-7.909337 4.491765 -1.978362
2.925236 5.795624 0.969653
-11.814480 1.075279 -0.701579
8.541209 4.206077 1.992523
8.781707 4.120720 2.007824
-6.085884 5.177266 -1.774399
-10.271178 3.131011 -1.794863
8.195545 4.398173 1.995271
6.604421 5.020489 1.841997
11.965629 0.500065 0.330633
11.493559 1.749304 1.113026
6.110266 5.172340 1.729680
11.443352 1.769768 1.143742
11.962112 0.408794 0.311154
-8.998841 3.963824 -1.974273
-11.214181 2.163623 -1.379464
10.902828 2.498405 1.523761
5.671672 5.266168 1.670329
12.004714 0.249541 0.189420
2.966526 5.803072 0.906628
11.168123 2.196282 1.373053
-2.575080 5.851248 -0.818767
-6.315932 5.100233 -1.794827
-7.516985 4.676736 -1.925468
11.336127 1.904798 1.181727
-9.727572 3.544372 -1.864826
-10.486014 2.931034 -1.687524
7.895669 4.531907 1.941289
-11.945299 0.501219 -0.350192
5.860440 5.238926 1.755851
8.311497 4.330871 2.010041
10.569493 2.893089 1.674021
-11.916281 0.722638 -0.475388
-11.988379 0.300540 -0.191748
-9.299872 3.785600 -1.943825
7.051054 4.874898 1.914262
10.003071 3.305862 1.854966
-10.042813 3.243323 -1.846728
-10.113277 3.201821 -1.818125
-6.769551 4.974473 -1.856805
11.954437 0.256417 0.205598
11.512274 1.677612 1.088647
-2.682713 5.857366 -0.863501
11.945883 0.768222 0.465746
-10.077763 3.247487 -1.842466
-11.969969 0.437885 -0.280342
-11.949960 0.445286 -0.304142
-10.368466 3.050121 -1.788679
11.906012 0.721063 0.503575
11.237881 2.093229 1.295407
-12.010923 0.386313 -0.242741
-1.587374 5.948818 -0.505424
11.242354 2.068424 1.324379
11.982564 0.117311 0.035495
11.237218 2.134368 1.281084
-11.116960 2.251269 -1.399133
7.076294 4.873551 1.907029
-8.367194 4.331395 -2.020579
-11.783568 1.162642 -0.749543
5.298763 5.413672 1.563115
-11.712330 1.314753 -0.846224
-11.202298 2.158430 -1.351990
11.108478 2.206057 1.379921
11.060850 2.352050 1.442593
-11.436869 1.783528 -1.156667
-10.481638 2.926048 -1.684965
-10.201891 3.137355 -1.754608
-6.008106 5.203804 -1.745042
-11.860270 0.771440 -0.486349
2.915708 5.816767 0.929688
-10.160898 3.230040 -1.795434
-9.090149 3.885288 -1.971176
2.381940 5.889889 0.805895
7.264112 4.772940 1.911566
11.227218 2.136658 1.334735
-11.874347 0.866582 -0.576927
-10.122439 3.229038 -1.792909
-8.261255 4.285285 -1.999632
8.414745 4.249188 2.006756
-10.145228 3.208646 -1.795878
9.768414 3.483859 1.879633
-4.974374 5.473449 -1.452184
10.480576 2.969214 1.686357
1.789195 5.925049 0.611275
-4.086918 5.629757 -1.273624
-7.623247 4.635848 -1.941515
-11.633907 1.569425 -0.998890
-11.894049 0.781770 -0.555270
-8.758985 4.103934 -1.984872
11.853049 0.854363 0.580895
4.168313 5.626241 1.274850
-7.802436 4.523840 -1.975011
-10.965225 2.413920 -1.532100
11.966069 0.410684 0.321987
3.719753 5.679300 1.193163
-11.754685 1.217960 -0.792805
-11.698986 1.358456 -0.886568
-11.197889 2.153962 -1.306186
10.609652 2.762145 1.609477
6.362298 5.070332 1.797067
-11.691743 1.363466 -0.840360
-11.641099 1.500005 -0.965624
-11.900709 0.669463 -0.476844
-7.043511 4.839911 -1.889094
-7.336311 4.749583 -1.936793
8.434132 4.241903 2.003752
-7.380644 4.750599 -1.963586
8.111140 4.403905 1.988970
-10.530094 2.841885 -1.687981
-3.895078 5.721465 -1.233568
7.570885 4.698856 1.936122
10.728697 2.662752 1.629374
11.089847 2.258468 1.436747
10.640129 2.778908 1.669135
-11.569433 1.578615 -1.043752
4.809338 5.494084 1.454035
-2.515546 5.851902 -0.834665
10.765455 2.669585 1.574135
-11.367235 1.913436 -1.187190
-11.979768 0.124269 -0.116137
-0.559739 5.964994 -0.175508
-11.846385 0.902535 -0.627837
-11.959728 0.584880 -0.349012
-6.307980 5.120260 -1.766673
10.798180 2.614999 1.547753
-5.809950 5.251744 -1.680584
10.090661 3.274766 1.809125
-11.352479 1.937299 -1.234544
-11.285329 2.020026 -1.273573
10.135090 3.203869 1.832291
5.299940 5.387027 1.581380
-6.538132 5.041297 -1.849556
8.756386 4.117580 1.988085
-10.615918 2.839933 -1.660791
-0.288218 5.982062 -0.096927
-5.354714 5.375987 -1.568427
1.683106 5.948047 0.534393
-9.856676 3.410110 -1.849454
-9.522187 3.652509 -1.936580
-9.781109 3.460511 -1.860777
4.913752 5.446077 1.531580
5.191636 5.397995 1.541276
8.676140 4.181322 1.994277
-11.381542 1.861952 -1.188597
11.181638 2.162332 1.372315
5.241778 5.400739 1.566184
11.968115 0.655372 0.412281
-5.676380 5.276541 -1.644620
-11.897808 0.765613 -0.513951
-1.356808 5.962653 -0.439525
11.927772 0.658146 0.435996
5.368528 5.373707 1.609110
-5.881356 5.203343 -1.726936
10.504761 2.900064 1.712629
-0.745460 5.991402 -0.258111
5.877427 5.242137 1.723804
11.875922 0.881438 0.539196
-9.294475 3.791150 -1.966948
7.362673 4.782654 1.928964
10.091564 3.212690 1.792149
-5.686414 5.298915 -1.655910
2.255634 5.936061 0.773800
6.282916 5.132716 1.803915
11.358941 1.919529 1.199629
-12.012116 0.237958 -0.137406
-3.486546 5.766705 -1.115481
2.112335 5.902186 0.675317
-3.247423 5.752122 -1.044129
1.733388 5.913297 0.573608
-9.476185 3.635403 -1.938880
-10.970907 2.443731 -1.494663
7.016162 4.878979 1.888466
-11.735403 1.251781 -0.869542
7.195457 4.825845 1.898350
-5.001766 5.459523 -1.504933
-11.783404 1.044587 -0.717230
-6.982183 4.860096 -1.899982
11.848739 0.996585 0.672484
-4.502267 5.584166 -1.405862
-10.800760 2.633771 -1.561972
11.811742 0.986932 0.666405
9.719819 3.543570 1.925783
3.388226 5.751785 1.067124
4.077085 5.631067 1.283920
-11.965261 0.371967 -0.232725
11.564874 1.601248 1.022571
10.222964 3.173103 1.792165
-4.883541 5.479166 -1.486421
11.268621 2.093343 1.299867
-4.350792 5.607351 -1.353607
-4.806184 5.496398 -1.457454
-1.961381 5.946610 -0.652985
2.932059 5.796892 0.941593
1.178818 5.933171 0.364957
4.744897 5.463410 1.441316
4.164064 5.637348 1.309938
5.522346 5.333812 1.672230
6.855660 4.921211 1.906304
10.273918 3.133645 1.794884
-2.318252 5.885632 -0.748729
-3.947257 5.645216 -1.256540
-1.704663 5.964588 -0.555604
-0.277793 5.973560 -0.076958
-9.944649 3.338452 -1.816807
-11.555683 1.671388 -1.070496
11.804557 1.177990 0.755698
3.503550 5.734010 1.092037
1.125791 5.983786 0.362242
11.398911 1.817925 1.164692
6.027574 5.219361 1.724541
3.043503 5.781247 0.981889
11.872565 0.766229 0.502224
2.523818 5.828663 0.821270
11.392180 1.894689 1.213838
3.539881 5.752144 1.125677
9.736025 3.546723 1.913532
11.384564 1.906933 1.155089
11.750420 1.195407 0.785095
-0.562990 5.993412 -0.247183
12.010284 0.059261 -0.004875
3.796069 5.682214 1.211209
11.772948 1.116414 0.737860
-6.706356 4.977329 -1.853009
-5.405831 5.377754 -1.636657
10.623003 2.754478 1.642479
4.984606 5.459954 1.498478
-7.800055 4.602802 -1.943588
11.046119 2.330532 1.431234
-9.970395 3.286859 -1.811649
-5.851502 5.247606 -1.733615
-11.829167 1.062669 -0.724533
-3.747235 5.703536 -1.185148
11.895049 0.830043 0.558021
3.349398 5.762703 1.089260
-6.706297 4.950616 -1.854335
1.163266 5.939974 0.402935
4.727277 5.551732 1.452010
8.491324 4.280484 2.005503
-6.724387 4.975328 -1.876054
10.623699 2.813789 1.668417
-8.843806 4.050367 -1.968186
7.622857 4.608380 1.976184
-2.901500 5.818943 -0.941175
-11.624287 1.486546 -0.954318
-3.416062 5.736601 -1.108245
-10.991841 2.409684 -1.459576
11.520074 1.674522 1.065336
-0.421204 5.989972 -0.143904
-5.569949 5.291403 -1.652675
10.493674 2.907359 1.712393
-6.906607 4.911038 -1.891166
-5.787893 5.217038 -1.632931
1.554557 5.964331 0.525139
-9.610087 3.605350 -1.961795
11.955421 0.043581 0.053278
-11.707781 1.352437 -0.861203
11.501991 1.668579 1.069931
-9.019976 3.964044 -1.993749
10.578275 2.856195 1.687247
11.991599 0.208999 0.136600
-3.581627 5.691346 -1.124380
-1.865094 5.917671 -0.596416
-8.347260 4.331474 -1.992712
-10.908275 2.511595 -1.538209
1.273073 5.982335 0.375886
-0.991797 5.941992 -0.299192
-3.263874 5.783950 -1.077157
5.970362 5.221368 1.750343
-9.746489 3.487398 -1.904330
-8.842306 4.072050 -2.017907
10.536784 2.845610 1.690115
-6.783934 4.919422 -1.862156
9.370354 3.765731 1.939526
7.539595 4.651052 1.971254
-2.753325 5.803383 -0.926963
2.266406 5.895469 0.728955
-2.920088 5.819779 -0.905346
8.845710 4.045192 2.003088
-8.734277 4.134684 -2.010813
11.277984 2.073463 1.326459
11.995176 0.138655 0.119438
9.565939 3.605032 1.959144
-0.087453 6.006693 -0.039446
-10.680635 2.706033 -1.604213
5.756496 5.201230 1.689149
11.555262 1.616397 1.076467
-11.998224 0.247614 -0.160891
-6.499424 5.072512 -1.817685
7.550446 4.624953 1.961871
9.058225 3.954520 1.963845
10.723522 2.694821 1.592473
11.286497 2.080401 1.294605
-7.647024 4.618468 -1.965468
11.248495 2.154764 1.313000
-6.455645 5.114058 -1.815161
3.610879 5.698282 1.174180
-4.692027 5.508301 -1.446004
4.840776 5.468456 1.464008
11.207523 2.162347 1.323556
12.004327 0.025641 -0.020478
-10.406244 2.987601 -1.699533
-10.266755 3.090056 -1.770579
11.002040 2.366064 1.435143
7.795042 4.547606 1.960517
1.659273 5.929733 0.543954
-11.730980 1.141293 -0.801308
4.839481 5.500593 1.478794
-2.190110 5.874637 -0.725017
12.029759 0.148896 0.090983
11.798593 1.151146 0.712386
-8.179428 4.400357 -2.013895
-0.471009 5.966667 -0.140072
11.761474 1.244758 0.831919
-7.729798 4.585989 -1.995977
9.638197 3.547936 1.905451
-11.404272 1.834799 -1.147016
-12.010897 0.231390 -0.136928
-11.843214 0.963633 -0.633837
10.087770 3.274373 1.830014
-3.467762 5.712630 -1.136116
-11.124930 2.258172 -1.406099
-4.627838 5.520076 -1.404235
11.739924 1.286756 0.814829
8.203203 4.343541 1.975962
-6.102730 5.160238 -1.762896
4.405016 5.590449 1.343111
10.479062 2.976421 1.695244
-2.490098 5.880113 -0.780188
-10.773989 2.700863 -1.571631
-6.410904 5.056116 -1.797721
8.095407 4.408265 2.001907
9.874805 3.402867 1.871846
11.271974 2.028176 1.247005
7.762633 4.559554 1.999631
-3.378586 5.726553 -1.096151
-11.543985 1.653920 -1.067898
7.993219 4.488586 1.956260
-8.407766 4.326175 -1.984787
-11.833290 0.918025 -0.630218
4.946491 5.481226 1.460121
-9.097001 3.923857 -1.965603
-11.988847 0.132110 -0.047396
8.623055 4.176204 1.976362
-1.781985 5.923232 -0.585259
-11.118107 2.283839 -1.425661
10.870585 2.542003 1.536389
11.648460 1.423766 0.876249
-5.051119 5.388466 -1.521158
-3.517856 5.722547 -1.057900
-11.474417 1.736923 -1.128307
-5.751858 5.229895 -1.660159
-11.458539 1.746388 -1.111062
-0.829782 6.020275 -0.260940
-4.636886 5.561447 -1.426975
-10.197032 3.147519 -1.781840
3.251357 5.752120 1.048186
3.497061 5.721317 1.089548
-7.054324 4.839934 -1.901810
11.789689 1.112398 0.729447
1.451849 5.958363 0.437058
10.650840 2.683289 1.615458
1.253583 5.964124 0.444253
12.024977 0.246150 0.175287
11.856251 0.954006 0.622709
-1.389531 5.956697 -0.443557
6.869786 4.909033 1.864470
-7.237907 4.770510 -1.927535
-2.242769 5.885648 -0.692688
0.543836 5.984851 0.173031
-10.842566 2.588373 -1.563305
11.833291 0.928657 0.637575
-11.788108 1.211760 -0.779671
11.576276 1.552944 0.999460
11.869276 0.899633 0.606997
-11.878776 0.723750 -0.484591
10.436469 2.917922 1.678880
1.431368 5.956249 0.497848
4.925298 5.487683 1.513929
7.999810 4.502913 2.004417
-0.507468 5.981643 -0.172192
-11.171055 2.190747 -1.349708
2.841839 5.811966 0.903699
-4.763881 5.503888 -1.479339
-11.898862 0.801598 -0.545434
1.894804 5.928017 0.626399
6.283167 5.108103 1.746985
0.637287 5.995681 0.223246
-9.629174 3.596360 -1.944428
-6.657387 4.974617 -1.881052
-11.914215 0.703293 -0.476448
5.848670 5.228194 1.763365
-11.776727 1.211275 -0.776687
4.390666 5.581469 1.352986
12.001591 0.321456 0.194228
-5.274587 5.424898 -1.574091
-11.778873 1.145122 -0.755546
8.793585 4.107363 2.016766
-11.411321 1.855753 -1.141969
-10.570555 2.888338 -1.673021
6.462965 5.089709 1.766214
-9.319596 3.766758 -1.953102
6.254608 5.081507 1.755523
-4.640699 5.524194 -1.413748
-0.027745 5.979228 -0.022369
9.567586 3.620278 1.907882
2.612477 5.869581 0.852541
3.677559 5.741593 1.192223
11.610366 1.503295 0.966755
-11.110493 2.218262 -1.382764
7.187924 4.823468 1.900269
6.402001 5.049360 1.768448
-11.883378 0.907383 -0.538870
3.804683 5.699674 1.215817
3.872141 5.682207 1.202970
-10.575129 2.867257 -1.678675
5.589175 5.354056 1.649396
-11.878310 0.890872 -0.559974
0.934388 5.969786 0.298081
4.480772 5.563480 1.381947
6.455107 5.029044 1.828161
6.744521 4.979709 1.855575
-11.999874 0.491499 -0.350618
0.471872 5.976258 0.181324
11.735602 1.265263 0.834241
11.670455 1.453504 0.980325
-9.224389 3.857472 -1.974417
-11.432363 1.894195 -1.199786
-11.892322 0.782152 -0.525788
11.736937 1.352263 0.872005
8.412879 4.242611 1.999587
-10.314371 3.050711 -1.755490
-10.210556 3.156644 -1.762628
-10.212620 3.131785 -1.802209
10.256896 3.096975 1.761359
-8.804512 4.054359 -1.992175
-8.167869 4.383251 -1.988484
-11.479868 1.767840 -1.152914
2.039426 5.914034 0.656884
-5.424328 5.372364 -1.619048
9.680360 3.583807 1.905802
-8.311788 4.332420 -1.986729
11.998880 0.320131 0.188850
-10.782590 2.588117 -1.534027
-6.209812 5.118896 -1.762871
6.626953 5.023508 1.840573
9.768929 3.531265 1.907825
1.082071 5.995786 0.333283
-8.247085 4.352395 -1.963213
-11.700082 1.349027 -0.850388
-11.911381 0.657314 -0.461972
-1.500097 5.940197 -0.477219
7.139787 4.837497 1.919817
11.094234 2.329686 1.376451
-7.876714 4.559959 -2.006288
-3.552887 5.724760 -1.140454
9.247840 3.820046 1.987025
-1.345984 5.943966 -0.455322
3.923432 5.644157 1.254624
-9.586672 3.575413 -1.936233
11.612120 1.580578 0.994488
9.897559 3.394013 1.848518
10.106573 3.164144 1.818253
0.728181 5.980882 0.252749
6.107050 5.190558 1.775907
-3.437571 5.755531 -1.109555
0.554568 5.966505 0.215279
5.697103 5.285276 1.670239
-6.606269 5.025835 -1.874398
-2.729305 5.827010 -0.859734
11.093618 2.274613 1.429878
4.539271 5.549888 1.403321
-3.891417 5.672621 -1.210441
-4.481522 5.577243 -1.378042
1.514190 5.933037 0.506829
10.002925 3.310466 1.853273
-10.292302 3.068455 -1.761655
-1.035711 6.002255 -0.352282
-5.114704 5.426380 -1.528452
-10.922752 2.470141 -1.525635
11.868811 0.895859 0.594392
11.152731 2.229852 1.336916
-7.981311 4.509859 -2.006787
11.373758 1.872477 1.149318
11.998593 0.107509 0.079801
-11.963988 0.402121 -0.286707
11.885010 0.861426 0.587209
-10.852169 2.563425 -1.515122
-11.968239 0.352547 -0.263212
4.060383 5.651544 1.292634
-4.435096 5.575280 -1.392815
11.256464 2.078235 1.343434
-11.970061 0.029572 -0.038712
-11.350625 1.900514 -1.223080
7.296798 4.751998 1.953324
11.706202 1.391338 0.901375
-9.128374 3.867571 -1.981660
-12.021469 0.022640 0.004131
10.728535 2.662203 1.628250
-11.341991 2.007618 -1.288631
-10.885739 2.503305 -1.525937
9.432722 3.704422 1.934676
10.034302 3.266270 1.811775
9.706168 3.534460 1.888769
7.628062 4.618114 1.969478
2.960017 5.773406 0.958549
9.524002 3.613205 1.941603
6.422622 5.057232 1.794697
-2.757897 5.798139 -0.887069
-3.559870 5.734394 -1.144198
-12.002427 -0.017313 -0.009858
10.685642 2.768506 1.639642
-11.368497 1.900690 -1.186118
8.692910 4.115478 2.003375
9.587667 3.642510 1.922971
-11.240319 2.132104 -1.307695
-2.684433 5.828905 -0.844897
-6.942748 4.895969 -1.932363
-11.413859 1.892275 -1.220152
-8.870252 4.036021 -1.982198
-8.608104 4.188886 -1.998458
5.883222 5.190005 1.669255
6.487277 5.024573 1.840144
-0.028414 5.979415 -0.034357
4.127093 5.624893 1.285774
9.878349 3.402755 1.857462
-7.961652 4.457011 -1.998252
-9.072425 3.922443 -1.985767
-11.588419 1.606990 -1.002055
-5.538477 5.329501 -1.654347
-0.493931 5.976133 -0.162140
5.119910 5.425192 1.553372
3.632372 5.730411 1.140176
-10.198357 3.175245 -1.786750
-8.040058 4.480780 -1.971718
11.349519 1.920745 1.176213
-3.457274 5.731018 -1.092085
-11.316281 1.966949 -1.233226
-10.603771 2.819443 -1.670485
4.459998 5.573974 1.369196
-10.203525 3.119535 -1.752471
-10.570899 2.796992 -1.685558
-4.421670 5.591623 -1.338752
-11.099923 2.277649 -1.398421
10.789204 2.650424 1.586811
-11.763644 1.139983 -0.806004
-10.665798 2.759010 -1.643195
3.561264 5.703685 1.131891
-9.718524 3.567254 -1.925247
-0.105973 6.002230 -0.057423
-9.533003 3.653602 -1.919307
6.246791 5.170601 1.775732
-5.634685 5.277375 -1.675202
11.689505 1.309649 0.844816
-11.983911 0.379381 -0.196969
-7.462102 4.711656 -1.980932
-11.504924 1.733767 -1.119951
-5.723669 5.263942 -1.678735
-6.440876 5.076277 -1.835698
-11.448870 1.833525 -1.154162
-11.991082 0.096909 -0.072822
4.714579 5.528866 1.431607
7.186351 4.817633 1.907893
-8.547407 4.214698 -2.028687
0.710412 5.983446 0.227593
-11.985840 0.016603 0.003768
-2.336065 5.905070 -0.756542
11.321698 2.014762 1.257606
11.878754 0.810560 0.535583
-8.485366 4.238882 -2.001383
5.605118 5.287356 1.653020
7.744708 4.564375 1.983647
-6.269966 5.083260 -1.770229
8.706168 4.138269 1.980013
4.623057 5.572990 1.412779
4.432918 5.592946 1.365496
-9.238443 3.831183 -1.975096
-7.634107 4.600661 -1.959050
-11.676760 1.459485 -0.942083
7.644423 4.635666 1.951614
-11.995020 0.122464 -0.038654
-1.583678 5.964568 -0.499756
4.989681 5.429184 1.490864
-11.803258 1.109293 -0.746122
10.217988 3.222056 1.807299
-11.903516 0.740351 -0.491275
11.943511 0.402324 0.298384
10.518752 2.883106 1.660087
-1.579549 5.968978 -0.500534
7.915246 4.502620 1.977188
-7.921853 4.480400 -1.971625
-3.413343 5.740166 -1.094247
8.466547 4.253675 2.019203
1.833145 5.916537 0.605220
11.986170 0.244891 0.192294
-11.439426 1.754480 -1.093957
11.831656 0.961785 0.643417
6.481245 5.017691 1.806191
-11.502879 1.695670 -1.127665
-0.697512 6.012330 -0.247220
-1.687446 5.954257 -0.541470
-5.440198 5.358230 -1.604761
-7.022513 4.892728 -1.921283
6.357800 5.098795 1.757907
11.192414 2.141193 1.364151
-4.411413 5.593625 -1.364431
1.142974 5.960422 0.370750
-4.105986 5.655187 -1.280275
-11.877344 0.845580 -0.550843
-2.637905 5.851250 -0.858007
9.784115 3.483124 1.876861
5.883019 5.256607 1.719240
-11.130636 2.226191 -1.363435
8.187220 4.367393 2.014925
6.913676 4.900153 1.890524
-11.820432 1.046967 -0.712205
0.769218 6.021338 0.243721
-6.574521 5.033705 -1.812581
-11.743882 1.235687 -0.824415
-10.814822 2.613225 -1.549234
11.937047 0.460165 0.272443
-0.068966 6.002898 0.016774
-6.528918 5.057826 -1.808047
10.905043 2.484283 1.568248
10.168626 3.171415 1.785981
-9.102083 3.884197 -1.979349
-8.162294 4.410682 -1.998711
-11.959415 0.322292 -0.236100
11.801589 1.028785 0.720915
11.892297 0.940818 0.616844
-12.038549 0.219750 -0.102242
-7.202612 4.812425 -1.926147
11.393149 1.789548 1.155361
-5.850870 5.224186 -1.680359
-5.318453 5.370670 -1.577907
-6.614991 5.003280 -1.845703
-10.317030 3.069542 -1.800713
-7.949792 4.505373 -1.996553
-1.961562 5.876920 -0.627237
4.547672 5.560740 1.372817
9.752484 3.485697 1.877435
-11.981133 0.303424 -0.198337
2.009860 5.905366 0.659909
7.906990 4.549833 1.998148
-5.465272 5.321247 -1.595440
-6.262247 5.101184 -1.795953
-3.530155 5.707447 -1.138288
-11.142229 2.227747 -1.387675
-3.941632 5.662085 -1.246320
4.329289 5.619292 1.337496
11.498443 1.710602 1.103329
11.164121 2.229100 1.367769
0.220818 6.005176 0.055182
8.220735 4.435019 1.971715
10.808921 2.582509 1.568747
-10.347332 3.062788 -1.749665
1.711446 5.979154 0.574923
-7.863578 4.529938 -1.995201
-10.742679 2.682199 -1.630128
11.836776 1.050696 0.693948
-11.892850 0.815403 -0.540506
-1.998627 5.892740 -0.675916
6.117125 5.192845 1.731274
0.519005 5.982424 0.167363
9.188280 3.893904 2.001442
6.027690 5.195796 1.731225
-4.024130 5.651641 -1.311454
9.866627 3.429965 1.884388
1.870451 5.941028 0.611414
7.567192 4.626203 1.961550
-9.241214 3.799085 -1.952005
8.760025 4.101707 2.024507
-7.929458 4.538513 -1.973272
11.995702 0.256281 0.143102
2.278813 5.887916 0.761699
1.022944 5.984172 0.313538
3.447766 5.726433 1.100154
-0.735326 5.992296 -0.231998
-10.601233 2.817211 -1.625874
-0.861281 5.999121 -0.291053
-10.056777 3.288177 -1.834776
-7.956223 4.490174 -2.017918
9.783644 3.457242 1.913206
7.110396 4.848696 1.929367
10.551489 2.886643 1.690557
-9.217207 3.830127 -1.955306
11.463900 1.823003 1.137808
-10.799416 2.606535 -1.547243
-2.080087 5.906892 -0.673053
2.552771 5.884371 0.826089
-2.366056 5.885088 -0.758784
-1.442378 5.960660 -0.465593
-4.437279 5.559998 -1.378026
-1.588636 5.944829 -0.525085
6.887012 4.958301 1.880546
-11.399588 1.874770 -1.174445
-4.278424 5.604907 -1.346541
-11.972644 0.055404 -0.053133
11.014312 2.391916 1.498664
-11.833626 1.096449 -0.733884
-4.624219 5.525938 -1.416956
-6.366786 5.074809 -1.804320
-11.805810 1.099470 -0.690643
11.787087 1.173407 0.735241
9.958348 3.349466 1.842421
-2.654538 5.844434 -0.851832
7.107798 4.827559 1.924835
11.989293 0.291403 0.229509
7.290522 4.740916 1.920978
-6.761095 4.958196 -1.829707
-6.507191 5.032365 -1.839286
11.952217 0.468870 0.290108
6.311647 5.089328 1.775485
-10.836802 2.628370 -1.574478
-5.574948 5.332781 -1.641231
-4.410353 5.619790 -1.366209
-11.913752 0.463411 -0.306768
6.150958 5.111126 1.754759
11.592480 1.589593 1.044317
-4.427420 5.563751 -1.399703
-5.106655 5.403218 -1.505840
-1.778095 5.950959 -0.597720
-11.887571 0.890391 -0.549112
-6.452855 5.114175 -1.875070
11.739522 1.302576 0.855040
-5.362657 5.350546 -1.612999
11.751462 1.230548 0.816702
-2.675886 5.859637 -0.844139
-0.115199 5.980864 -0.022528
12.038644 0.063800 0.025548
9.770609 3.464291 1.907564
3.049027 5.817673 0.958735
6.475259 5.047603 1.816705
10.983805 2.389520 1.488962
-4.292152 5.588076 -1.306948
-11.822087 1.044795 -0.680542
11.864893 0.730627 0.478258
-9.021350 3.962579 -1.963476
5.359765 5.362027 1.568746
7.892338 4.523698 1.979206
-9.562874 3.612008 -1.937558
-11.735786 1.293396 -0.807871
-11.992380 0.316881 -0.223204
-11.741621 1.263324 -0.831348
11.103086 2.295181 1.410185
12.045257 0.191777 0.156522
-8.418332 4.301763 -1.996668
-8.858202 4.071930 -1.971340
10.712303 2.720653 1.611092
-2.703661 5.842773 -0.889540
-5.240176 5.399010 -1.538022
4.332341 5.582999 1.338939
10.333360 3.039815 1.735749
5.778672 5.276945 1.709916
7.620417 4.621548 1.962701
12.016470 0.119770 0.097218
7.752210 4.579224 1.985591
8.539177 4.239969 2.008986
-6.310570 5.105555 -1.796461
-4.975997 5.483617 -1.524259
-6.280089 5.149843 -1.812096
7.285189 4.736759 1.923238
-3.513379 5.721330 -1.110094
11.154801 2.182190 1.393815
-8.833268 4.069540 -1.994220
-11.827892 1.084308 -0.741787
-8.884838 4.038046 -1.926233
-7.947097 4.458950 -1.986440
-2.691288 5.812294 -0.893220
-8.810238 4.095225 -2.035343
1.331259 5.962505 0.443694
8.308930 4.330757 2.002223
-9.250232 3.833798 -1.968763
-0.689154 5.997483 -0.200394
-11.666461 1.426313 -0.908339
-3.220680 5.781163 -1.043374
-1.291180 5.978615 -0.394364
11.873535 0.713219 0.473716
9.223241 3.838589 1.968477
-7.611312 4.638348 -1.970718
2.288672 5.857264 0.722955
-11.689724 1.414447 -0.888948
-4.262578 5.599607 -1.314545
8.127581 4.430618 2.003690
8.633059 4.177131 1.999867
7.309770 4.785670 1.916137
9.318207 3.758425 1.965177
-1.175647 5.970606 -0.389098
11.612642 1.579998 1.029613
-2.967168 5.810876 -0.931360
2.677325 5.871138 0.845384
-11.144715 2.202060 -1.380403
-11.319432 2.029250 -1.244998
7.133717 4.812533 1.911329
9.913850 3.388961 1.883276
2.904830 5.798551 0.911993
-0.238436 6.012145 -0.074628
-7.384956 4.765391 -1.941335
-11.967445 0.547824 -0.355690
-11.349973 1.932019 -1.213344
3.817884 5.663041 1.188922
-1.842088 5.920486 -0.625101
-3.015420 5.817258 -0.984634
-11.135388 2.194255 -1.407131
11.344872 1.936820 1.233500
-10.038497 3.293731 -1.850220
8.156945 4.435946 2.008085
11.327686 2.050179 1.245438
-11.951101 0.385315 -0.278424
5.524565 5.333536 1.608744
-8.445890 4.297058 -1.993934
4.954363 5.423002 1.500372
7.348221 4.762957 1.956022
-1.634263 5.938015 -0.541089
8.920497 3.997348 1.960496
8.662014 4.162651 1.985470
11.864990 0.944637 0.645006
-7.498060 4.628464 -1.979383
-11.640601 1.457453 -0.947949
12.002787 0.113178 0.039403
7.427343 4.710437 1.942605
-11.011376 2.401714 -1.469847
-3.739691 5.699192 -1.218208
10.999199 2.360043 1.440048
8.746931 4.112034 2.021925
9.536413 3.638150 1.913418
11.910548 0.621212 0.389747
11.003025 2.352071 1.438519
11.069102 2.364267 1.441225
-0.173383 5.953262 -0.015776
-8.912702 3.997684 -1.984807
-0.763366 6.013525 -0.235111
-5.667096 5.261719 -1.702677
-11.239667 2.168737 -1.337915
-9.275955 3.802819 -1.941539
11.444781 1.847109 1.186323
11.938585 0.479316 0.340844
-11.744984 1.345041 -0.836029
8.200982 4.395211 2.020933
-10.896009 2.523389 -1.497482
10.244306 3.140911 1.757015
-11.184981 2.226464 -1.403766
2.245213 5.914790 0.739437
11.928030 0.527309 0.350847
-11.995805 0.202006 -0.115404
11.234027 2.166554 1.341583
11.943393 0.463078 0.307885
-9.704826 3.512856 -1.919716
6.242210 5.129048 1.767346
11.908348 0.577883 0.412422
12.029881 0.266981 0.133692
3.431064 5.749353 1.089887
11.345213 1.950251 1.249368
5.365319 5.388942 1.573710
-6.618061 4.991672 -1.825356
-11.872403 0.935266 -0.635078
7.227119 4.737313 1.916477
-2.798141 5.838368 -0.922709
-7.186940 4.810705 -1.889145
-9.575259 3.617395 -1.915052
0.247999 6.026125 0.078808
-9.489483 3.679769 -1.928348
1.432674 5.959897 0.432323
-8.310513 4.336082 -2.028326
-4.922533 5.468628 -1.494092
1.326985 5.958037 0.413925
-11.008124 2.371878 -1.438074
6.659564 4.990225 1.862455
5.111657 5.399497 1.525575
0.633275 6.000447 0.185487
11.779347 1.114817 0.741180
-3.405651 5.764266 -1.075013
11.954472 0.443251 0.287850
-10.964332 2.423247 -1.493970
5.500743 5.344833 1.632215
-11.262634 2.076309 -1.274036
10.690903 2.704635 1.624599
-7.553180 4.675157 -1.960576
-3.162619 5.773102 -1.021884
-2.521584 5.893529 -0.847507
-11.488467 1.756088 -1.099889
11.562757 1.614750 1.065498
-11.614214 1.546622 -1.009927
7.647931 4.639380 1.953461
8.360993 4.286217 2.012902
-6.556534 5.013129 -1.810142
3.246464 5.783125 1.049946
10.948495 2.479863 1.495457
-2.167148 5.837232 -0.703515
-11.109078 2.261767 -1.415459
12.009355 0.180387 0.140469
3.640871 5.721682 1.133325
10.134743 3.208008 1.787701
-7.306786 4.746029 -1.943616
-9.417981 3.708999 -1.951687
10.856544 2.592268 1.569666
-10.611311 2.790714 -1.669091
6.692435 4.985517 1.852630
-8.478573 4.272935 -1.987355
11.034912 2.326487 1.468564
0.991136 5.986560 0.334922
-5.407177 5.330302 -1.637048
0.217630 5.999103 0.069595
-6.736233 4.950678 -1.838692
-9.111543 3.905112 -1.931542
-11.657537 1.340264 -0.864879
-5.458872 5.369055 -1.608031
10.238305 3.159343 1.794004
-8.949308 4.006700 -2.017890
2.837305 5.831894 0.933479
-7.036486 4.832500 -1.888254
-6.727884 4.950858 -1.848313
-11.256992 2.057434 -1.298414
-3.304666 5.775637 -1.036705
8.986084 3.998937 1.954486
3.501287 5.702983 1.097890
-4.454559 5.589034 -1.397148
-2.622334 5.843165 -0.905468
9.845809 3.417226 1.885329
-10.232645 3.139774 -1.792811
-2.965301 5.804376 -0.965941
-2.879959 5.845362 -0.921370
9.615527 3.609592 1.913992
0.310362 5.996517 0.166563
7.960273 4.476389 1.966832
5.938586 5.183627 1.706859
5.754338 5.262554 1.673429
-3.917617 5.652982 -1.227992
4.660556 5.501614 1.443985
-11.437551 1.856314 -1.160540
-8.486875 4.222931 -1.995378
-11.999044 0.373329 -0.259899
-4.135559 5.635697 -1.282636
2.596802 5.866154 0.851635
3.968265 5.657877 1.238570
11.936577 0.702120 0.446810
-7.206305 4.800248 -1.932986
6.548700 4.986077 1.839250
11.979912 0.414956 0.278585
-11.539428 1.638297 -1.058898
8.849714 4.038101 2.021531
11.513203 1.767352 1.088814
-8.129306 4.447697 -1.970821
-9.043340 3.937072 -1.984193
-9.061957 3.982922 -1.958804
-4.297470 5.586501 -1.311065
11.948682 0.529571 0.322413
-1.286480 5.979629 -0.398466
-11.933157 0.769047 -0.500640
1.677226 5.977239 0.575362
7.160698 4.822806 1.887471
-2.140557 5.926637 -0.690293
-4.812810 5.465732 -1.462948
7.165368 4.818890 1.891546
-9.170824 3.884816 -1.997965
-10.559326 2.856128 -1.693876
11.986091 0.456474 0.310207
11.435753 1.861857 1.189083
-0.021658 5.993381 -0.029045
11.800429 1.116395 0.695336
9.804612 3.475746 1.933499
-11.058435 2.341716 -1.443603
-11.980410 0.032947 -0.029891
-10.583801 2.857782 -1.638428
10.413391 2.921902 1.720382
-9.768082 3.446916 -1.891643
-3.053291 5.848504 -0.969162
-12.020773 0.058761 -0.039730
7.541127 4.652666 1.927017
-11.388299 1.803427 -1.177014
11.995947 0.260666 0.212593
9.174949 3.859409 1.962670
-11.478850 1.767330 -1.130126
-0.378001 5.975423 -0.144873
9.535862 3.631676 1.946993
-7.039185 4.842746 -1.899895
6.447787 5.059900 1.840138
-3.286243 5.774355 -1.097088
3.160246 5.789381 0.988457
11.612719 1.552054 0.985888
11.727135 1.202695 0.774135
-11.564019 1.617725 -1.024336
-10.977580 2.419998 -1.468473
1.556993 5.902947 0.557787
8.758092 4.100295 2.010893
10.974955 2.421184 1.471010
-11.903267 0.786422 -0.520480
-1.508439 5.928076 -0.531086
12.021671 0.146110 0.113906
-4.608182 5.537493 -1.425355
-8.700798 4.159048 -1.991255
6.927281 4.872583 1.884784
-11.988865 0.385481 -0.246860
11.791598 1.076392 0.744077
11.296838 2.074995 1.299030
-3.864344 5.687390 -1.200934
1.455507 5.978318 0.461242
4.755315 5.517817 1.431192
-6.881965 4.918779 -1.875939
-11.675354 1.353645 -0.872205
-10.863739 2.537928 -1.538564
-7.853761 4.523742 -1.979643
7.383698 4.744576 1.955765
6.897792 4.891335 1.878160
10.148334 3.199301 1.820782
-11.061117 2.290613 -1.404853
-6.331547 5.088453 -1.754615
-2.828126 5.825444 -0.905412
11.660951 1.292181 0.859609
-10.675669 2.746705 -1.655050
10.745653 2.622254 1.611255
-0.375703 5.997987 -0.133422
-11.770459 1.198747 -0.794020
5.175258 5.437151 1.568214
1.623308 5.928695 0.523496
-11.836578 0.995069 -0.673241
7.137282 4.832774 1.899379
1.811328 5.914701 0.564127
4.400062 5.592119 1.385459
3.459087 5.768836 1.128926
2.542861 5.862870 0.861428
-11.971465 0.148080 -0.117668
-9.824580 3.461535 -1.868542
11.922621 0.764911 0.494535
-4.023444 5.639212 -1.221643
12.002020 0.231858 0.140587
11.639249 1.464960 0.944388
-3.103285 5.813264 -1.004466
-4.470066 5.580257 -1.381501
10.292407 3.077967 1.771648
3.595284 5.757843 1.126592
5.094895 5.404232 1.534021
-7.165361 4.777411 -1.893814
2.997835 5.820139 0.986138
4.254502 5.623212 1.329965
-10.255916 3.124856 -1.752310
-6.081884 5.181658 -1.760071
11.283049 2.057828 1.277639
-1.511816 5.973846 -0.487369
9.114587 3.871129 1.974520
7.931449 4.501794 1.994686
-4.163437 5.622162 -1.278212
-10.961278 2.451896 -1.501218
5.161601 5.397448 1.531471
-0.781091 5.989792 -0.263252
11.636516 1.432162 0.959041
-9.082529 3.891131 -1.985937
10.275184 3.110185 1.754435
3.747068 5.677424 1.206930
7.852570 4.554203 2.008085
-0.730179 5.985610 -0.247699
7.067349 4.858898 1.865557
1.193597 5.973695 0.412253
2.216471 5.904559 0.752160
-4.165158 5.635794 -1.275385
-6.701079 5.006554 -1.823161
-1.189359 5.967636 -0.389354
-8.292427 4.292405 -1.973546
-11.356691 1.899261 -1.196658
1.587792 5.934766 0.512914
11.911853 0.654235 0.385941
-8.925679 4.025748 -1.990285
1.551106 5.973177 0.512212
-9.299589 3.788031 -1.938557
-10.760711 2.656477 -1.596252
11.648242 1.432372 0.934600
3.751924 5.692494 1.174512
-8.224766 4.330697 -2.011646
1.826882 5.955570 0.581932
1.864760 5.910616 0.582418
0.792776 5.989966 0.271900
-11.986666 0.186325 -0.169882
8.750595 4.117367 2.010014
10.414956 2.947068 1.748772
-8.908038 3.992884 -1.932715
-10.482595 2.896315 -1.715833
11.886782 0.820837 0.543910
-4.174560 5.623418 -1.326568
-10.817836 2.589750 -1.595862
-7.588520 4.704600 -1.928439
10.741772 2.633522 1.577009
10.373336 3.021985 1.773391
2.013978 5.907232 0.654191
4.610319 5.540059 1.414389
10.328065 3.038371 1.707482
-0.691418 6.021989 -0.220793
9.966855 3.351673 1.863605
11.675435 1.455192 0.958324
0.368013 6.013397 0.098355
-11.808613 1.144674 -0.756625
10.643399 2.831737 1.634462
9.720886 3.518726 1.901362
-0.402062 6.006251 -0.139141
-11.838969 0.970351 -0.614442
1.794841 5.921469 0.618917
9.478745 3.668490 1.950613
-2.784486 5.843032 -0.938474
6.360342 5.096715 1.813739
11.229709 2.105383 1.313929
-4.734581 5.507104 -1.441705
2.476776 5.866312 0.793262
-11.883535 0.835912 -0.527883
4.288633 5.615108 1.328524
10.643709 2.762698 1.671744
6.296124 5.083027 1.810387
0.794104 5.987501 0.291246
7.338582 4.778975 1.947957
2.834157 5.819337 0.919288
-7.240133 4.801130 -1.953803
-8.887506 4.046220 -2.022040
-3.352602 5.733386 -1.102489
0.660506 5.986929 0.217614
11.224422 2.114014 1.334653
-6.038700 5.215352 -1.722793
9.003173 3.995190 1.999060
-8.185787 4.391495 -2.022096
-11.865787 0.861528 -0.566679
-10.772260 2.659543 -1.577029
7.766972 4.576634 1.963190
1.366996 5.947011 0.486095
2.088134 5.887410 0.698092
-8.992757 3.974965 -1.968736
3.067479 5.813483 1.010356
5.367189 5.360047 1.593125
-3.237581 5.772122 -1.077976
-2.587421 5.854760 -0.861366
-10.582455 2.829194 -1.671667
-11.696095 1.398137 -0.878032
-10.833897 2.589955 -1.614437
-12.023425 0.231474 -0.139171
-2.815244 5.859733 -0.937133
3.240629 5.752893 1.053036
-7.270791 4.756358 -1.959675
-11.002228 2.400578 -1.493062
-7.444665 4.706111 -1.943589
-2.910251 5.806652 -0.956943
10.467618 2.937471 1.684091
-7.746999 4.578625 -1.968005
-11.508582 1.664765 -1.077863
1.488469 5.963446 0.494072
-10.998190 2.404386 -1.472381
-3.481952 5.726836 -1.094318
8.064594 4.455659 1.979202
-11.983641 0.348016 -0.255099
-8.347899 4.359388 -1.991156
-11.987023 0.378739 -0.222103
-4.052911 5.659527 -1.269148
-8.324712 4.367206 -2.032300
7.790560 4.532240 1.966685
-1.077445 5.969410 -0.361676
4.304405 5.615883 1.323058
-6.607857 5.009288 -1.799353
-11.821834 1.113838 -0.728613
-2.177725 5.901636 -0.691467
12.006853 0.131414 0.068204
6.594331 5.013795 1.848216
-1.450585 5.968674 -0.505776
-9.565551 3.612903 -1.938110
-3.181845 5.802210 -1.008995
9.692380 3.538315 1.920277
-4.017729 5.627978 -1.217240
-11.124485 2.226553 -1.349375
-0.733805 5.993192 -0.262388
-10.601786 2.817888 -1.680019
-1.353405 5.936089 -0.416425
11.771952 1.121393 0.778135
-11.989012 0.459022 -0.350284
11.883987 0.861288 0.546467
7.672647 4.598259 1.973000
-5.441475 5.307182 -1.614748
-9.978469 3.317374 -1.809509
9.389250 3.738542 1.945018
-11.053281 2.387191 -1.450143
-7.177984 4.803319 -1.973754
11.541059 1.648626 1.065011
2.113789 5.917102 0.708274
-11.254780 2.057567 -1.302352
1.955579 5.878170 0.701809
-10.912815 2.512093 -1.491676
9.515817 3.646109 1.955003
-11.073033 2.364768 -1.419545
-6.971415 4.859681 -1.941790
11.930498 0.509004 0.320484
11.392940 1.960996 1.262498
-8.142331 4.377928 -1.999238
-10.533773 2.926383 -1.716699
4.715679 5.517101 1.449580
8.018164 4.413562 1.990030
-12.004184 0.494459 -0.346031
-10.610913 2.796252 -1.604143
-11.946419 0.068143 -0.080584
10.206492 3.130856 1.787394
-0.329007 6.022827 -0.107357
11.485022 1.815421 1.142880
-6.414247 5.102170 -1.784935
3.501687 5.753567 1.107570
11.594193 1.589363 1.038494
10.614360 2.760618 1.634673
-11.520526 1.659025 -1.062902
-11.091347 2.264501 -1.386877
-11.878582 0.890307 -0.531170
-11.367876 1.915411 -1.215221
-1.298003 5.977704 -0.449024
-0.555609 5.975080 -0.196828
-3.244047 5.774018 -1.043077
-8.959907 4.020209 -1.984076
9.752136 3.465980 1.880813
2.057976 5.900571 0.669520
3.795081 5.710775 1.218911
-9.470071 3.729581 -1.955287
11.861176 0.877679 0.584406
-5.115449 5.423076 -1.508230
11.508340 1.658615 1.069400
-1.539006 5.916914 -0.536006
9.180425 3.847246 1.970561
-11.979117 0.400425 -0.279244
10.983195 2.447061 1.455135
6.377877 5.087281 1.801880
9.475462 3.675635 1.960489
8.278798 4.350553 2.005754
-6.444477 5.104145 -1.794064
11.723202 1.317561 0.825304
-4.426111 5.580155 -1.342491
-0.774290 5.978179 -0.262187
11.849499 0.930895 0.617033
-11.848101 1.012798 -0.665355
0.538493 5.984614 0.179079
11.837224 1.033600 0.668968
-1.627116 5.920875 -0.520362
4.233486 5.572284 1.323647
11.354890 1.935875 1.238979
-9.174783 3.873235 -1.948645
-11.265490 2.055874 -1.330717
-7.099843 4.859353 -1.877453
1.575268 5.950574 0.515666
-10.277928 3.058134 -1.798964
11.973525 0.429466 0.308227
9.305522 3.780071 1.946630
-3.106176 5.797336 -0.976337
9.876465 3.395565 1.881020
-5.779102 5.256283 -1.636856
0.576311 5.977387 0.188406
-10.136496 3.221644 -1.852983
-11.978973 0.312106 -0.216055
11.822301 1.044456 0.683355
-8.144295 4.401692 -2.000301
11.751245 1.134906 0.748544
-1.365386 5.979209 -0.470124
5.216651 5.389602 1.543683
0.824682 5.984745 0.267056
-8.297628 4.362330 -1.977193
11.995576 0.147276 0.084582
-4.850222 5.491776 -1.417649
-11.125355 2.253556 -1.386368
-11.257894 2.082513 -1.318526
-0.325746 5.976496 -0.097892
-5.412628 5.364586 -1.582498
10.587494 2.818197 1.658599
9.550175 3.623984 1.901470
-11.994134 0.455780 -0.258969
11.874063 0.684780 0.422821
-11.498924 1.674131 -1.059715
8.020944 4.454634 1.980393
-1.151103 6.011864 -0.402188
8.854649 4.058466 1.988094
11.546922 1.671382 1.121749
-10.891120 2.486896 -1.509119
-4.801356 5.495789 -1.493427
-11.096591 2.262856 -1.359222
-4.778309 5.493937 -1.460301
-7.630984 4.637658 -1.962893
11.198723 2.177016 1.349363
11.971538 0.145368 0.100959
11.544395 1.635988 1.062040
-10.685432 2.730697 -1.598344
11.953281 0.633081 0.401087
11.456469 1.854953 1.166283
11.365564 1.930955 1.210922
11.716270 1.243139 0.805378
6.054595 5.165475 1.707228
-3.612526 5.702173 -1.172138
-11.622484 1.572069 -0.991084
10.332508 3.049654 1.776847
11.840125 0.924810 0.601828
-11.936947 0.664291 -0.440656
10.839005 2.529420 1.547253
-8.143106 4.400764 -1.986851
-11.698439 1.339266 -0.842379
3.341897 5.751743 1.073397
-11.938753 0.261716 -0.177924
6.643665 4.941376 1.852068
10.433599 2.978546 1.737184
-10.851333 2.563096 -1.512082
-5.675554 5.276114 -1.661828
6.981210 4.863545 1.901283
11.880515 0.741563 0.484722
7.111407 4.868005 1.898248
-4.586792 5.571128 -1.381362
-2.654473 5.863409 -0.866156
7.826797 4.543570 1.952093
3.057893 5.802314 0.993132
5.856248 5.260518 1.721075
11.677134 1.468160 0.933197
-5.160368 5.419810 -1.548599
-1.515517 5.983598 -0.494184
-10.979434 2.422311 -1.465769
-9.843354 3.461820 -1.883449
3.589689 5.708269 1.148671
-8.908498 3.981245 -1.991638
-4.541306 5.562934 -1.390075
-11.556342 1.549580 -1.008605
9.112303 3.907948 1.946672
7.001145 4.855651 1.881291
0.691634 6.020493 0.235876
10.936567 2.490322 1.514919
-2.937125 5.789621 -0.933036
3.919805 5.659356 1.211683
-8.231971 4.414158 -1.993783
-9.826737 3.444784 -1.896316
11.410659 1.815840 1.117106
-11.990816 0.054207 -0.060942
-9.321065 3.784132 -1.953411
-8.601130 4.160718 -2.003383
8.633762 4.162506 2.010524
8.370055 4.290745 2.011076
-11.109188 2.244616 -1.420658
11.853161 0.901571 0.621372
11.167910 2.208751 1.392019
-3.838501 5.698714 -1.230096
8.815411 4.052712 1.968524
-0.727018 5.993137 -0.238385
-1.140662 5.945287 -0.378604
3.682651 5.682594 1.149601
-9.701012 3.527448 -1.904848
9.675690 3.583510 1.887117
-8.620983 4.154775 -2.021257
3.200537 5.791065 1.018928
-11.460803 1.759899 -1.139727
10.602762 2.759276 1.644620
9.006317 3.957708 1.993888
6.167075 5.161706 1.781627
9.520866 3.655522 1.970480
6.895573 4.910160 1.884633
4.277438 5.621567 1.326291
-9.193875 3.862411 -1.986679
-6.895620 4.907930 -1.880149
-9.321808 3.764738 -1.971795
-1.906928 5.878204 -0.616579
7.312101 4.746846 1.963556
10.795151 2.631268 1.595528
-11.866246 0.880943 -0.578224
-4.643123 5.540776 -1.435279
9.469170 3.694220 1.930379
6.826702 4.924341 1.890146
-2.680666 5.847923 -0.854405
1.366101 5.985327 0.433258
11.882219 0.866168 0.519951
6.783015 4.949196 1.868723
-2.608779 5.835491 -0.840421
-9.930311 3.345560 -1.867854
9.851049 3.412999 1.871788
8.849034 4.072629 1.988140
2.921975 5.845593 0.931684
7.307861 4.745276 1.943246
-10.366345 3.033999 -1.758608
-2.021623 5.922513 -0.681171
9.318775 3.810712 1.926345
0.355242 5.952960 0.101371
-0.772908 5.987145 -0.279449
8.003164 4.458076 1.993136
-3.646030 5.736596 -1.177634
-9.026060 3.927197 -1.997767
9.354712 3.782136 1.957807
7.100697 4.881286 1.895430
10.601032 2.763900 1.633204
6.439502 5.037453 1.822899
-9.256564 3.770352 -1.936382
-8.344746 4.307918 -1.982702
-11.659349 1.376759 -0.911343
4.110580 5.650412 1.294749
11.424631 1.822817 1.148714
10.416287 3.019923 1.753240
-0.540745 5.992176 -0.183507
11.324233 2.072221 1.299854
-7.100883 4.858807 -1.895005
7.044520 4.832543 1.887676
0.885272 6.005357 0.283047
3.249114 5.779478 1.002737
4.620362 5.520055 1.425331
-10.497947 2.924015 -1.705331
11.919644 0.751718 0.474434
-11.120869 2.255851 -1.387614
11.511610 1.700710 1.093371
11.093227 2.276331 1.419218
9.821553 3.449501 1.883211
-10.834091 2.583752 -1.554525
-11.920172 0.381678 -0.297916
10.513228 2.917050 1.645860
-1.711958 5.967280 -0.566059
-3.470710 5.733209 -1.125288
9.846372 3.452518 1.886769
-7.813312 4.557739 -1.973333
1.516157 5.965507 0.499535
8.676983 4.152755 2.002437
8.666776 4.147247 2.009706
-4.599676 5.521870 -1.389719
11.933071 0.647702 0.438026
-9.983243 3.290331 -1.822025
-9.735293 3.496908 -1.882059
-1.732787 5.948828 -0.564049
11.943891 0.526397 0.323450
-6.929703 4.878965 -1.880859
4.550528 5.534179 1.395938
11.709341 1.274418 0.814865
6.684423 4.978949 1.854151
3.895057 5.658413 1.231753
11.104028 2.270152 1.452774
-11.839740 0.989566 -0.621387
2.726510 5.835930 0.873803
-9.926908 3.348769 -1.843438
-3.611222 5.696611 -1.153223
4.352200 5.590535 1.344934
-0.482085 5.990797 -0.189578
-0.235379 5.974403 -0.077083
4.477856 5.590119 1.368158
11.298841 2.077356 1.285662
-10.466327 2.949518 -1.717104
-0.141912 6.000744 -0.018722
-0.156450 5.972745 -0.016607
1.832298 5.916700 0.626584
2.975435 5.766291 0.924956
-11.583120 1.560561 -0.977941
-11.656614 1.414693 -0.966675
-8.206413 4.363631 -2.014372
11.884183 0.873080 0.604883
4.213406 5.634304 1.323334
-6.623593 5.002089 -1.845844
-1.963387 5.949897 -0.660375
-9.958224 3.372388 -1.860425
7.479242 4.694861 1.950198
-10.838171 2.566081 -1.556177
6.875358 4.908874 1.845193
1.382756 5.913639 0.460354
8.309350 4.346813 1.992865
-8.068991 4.432092 -1.984087
10.607322 2.798183 1.649424
-9.639752 3.547578 -1.909186
-6.801036 4.940986 -1.899755
9.892333 3.374646 1.848491
-8.726464 4.125495 -2.035184
11.633298 1.422533 0.919239
2.584659 5.854281 0.839810
-10.020695 3.261257 -1.822359
8.270718 4.349605 2.006588
-3.976556 5.661006 -1.254937
0.253125 5.990886 0.065176
12.022410 0.035028 -0.006091
2.841710 5.837050 0.924179
-12.014026 0.032217 -0.058033
11.863250 0.999783 0.651035
10.304565 3.105026 1.742766
11.972101 0.322227 0.242618
-1.189768 5.968279 -0.406147
8.043898 4.438750 1.953082
11.835937 0.912532 0.608824
11.516170 1.720931 1.117752
11.612302 1.459846 0.949529
-6.158640 5.134054 -1.739447
11.100660 2.283099 1.407502
-11.905748 0.794861 -0.540775
-0.066734 5.967888 -0.026587
6.872063 4.924560 1.863218
-11.460058 1.775465 -1.156981
-9.290831 3.776696 -1.972260
5.536883 5.340335 1.607220
-3.207753 5.768799 -1.030942
-4.737418 5.489199 -1.440398
-11.783520 1.185483 -0.789172
-11.925604 0.652839 -0.464562
-7.968999 4.486602 -1.975754
10.570196 2.840450 1.662820
-3.525012 5.713106 -1.106415
11.614230 1.506531 0.994431
2.595035 5.865301 0.836279
-8.733693 4.095076 -1.992848
-10.173102 3.224371 -1.830446
5.120156 5.416380 1.545224
7.552645 4.678718 1.977689
-7.736540 4.553328 -1.958583
-11.547284 1.675594 -1.104256
-10.294242 3.086526 -1.789396
-6.643340 5.025931 -1.866927
4.909487 5.501127 1.482715
6.492803 5.046214 1.814503
-8.501095 4.250318 -2.023774
-5.679575 5.276181 -1.659896
12.001010 0.292831 0.220092
-0.296249 5.983033 -0.059596
-11.932119 0.414924 -0.302361
7.249310 4.781617 1.915566
-11.919177 0.678376 -0.489043
-9.954877 3.384155 -1.858829
-1.927034 5.910225 -0.618294
10.464837 2.933053 1.686415
0.432649 5.958183 0.135041
-11.904380 0.888385 -0.570583
11.988354 -0.021766 0.021424
5.428056 5.363384 1.625479
5.533394 5.322232 1.672230
-9.879408 3.392767 -1.875917
11.879269 0.887473 0.584354
8.504354 4.232918 1.967430
-11.481779 1.721714 -1.110289
-8.805812 4.074009 -1.985976
7.622215 4.655908 1.962312
-9.252513 3.841548 -1.943194
-11.661010 1.435283 -0.960924
-11.991785 0.510161 -0.308201
-11.940445 0.353296 -0.251732
-1.448325 5.963122 -0.466738
11.267743 2.009877 1.290757
-0.844714 5.984702 -0.282941
10.452821 2.918035 1.694748
-1.580859 5.949346 -0.546831
11.643225 1.436140 0.929852
-7.175602 4.823430 -1.955015
11.761718 1.156055 0.727772
7.681603 4.596516 1.972897
-10.829600 2.580004 -1.512296
11.367981 1.945517 1.189007
9.536245 3.628746 1.940582
4.907506 5.467463 1.506528
5.529460 5.327994 1.682995
-10.001955 3.322718 -1.839173
11.615804 1.446377 0.928015
2.901533 5.825727 0.935134
-9.964832 3.368043 -1.861220
-9.468503 3.713761 -1.974074
-11.546117 1.618578 -1.037779
11.992840 0.479197 0.303277
-11.997956 0.139521 -0.098222
3.556844 5.743672 1.135019
-11.458843 1.718011 -1.157814
-11.986357 0.217690 -0.108742
2.357052 5.847336 0.795661
-0.575029 5.963999 -0.204885
1.255168 5.944574 0.395933
-12.011729 0.014036 0.001312
0.005134 5.992667 -0.027468
-6.102277 5.206016 -1.761955
2.626260 5.845077 0.830237
-7.700616 4.598358 -1.975346
-7.039502 4.854612 -1.876726
-7.875766 4.484307 -1.981242
-2.720428 5.817352 -0.851159
1.258057 6.018017 0.418186
6.573921 5.027267 1.837374
-1.667810 5.963710 -0.550944
-1.775898 5.884123 -0.600959
-4.045088 5.643079 -1.246436
11.807102 1.026313 0.672438
11.393391 1.872818 1.187755
-8.183788 4.390452 -1.951343
-8.352912 4.318540 -1.965157
11.059745 2.328413 1.416745
-8.915289 4.034446 -2.007669
-11.867214 0.908479 -0.618914
-11.858960 0.969099 -0.621804
-2.302043 5.887114 -0.742199
10.825107 2.657394 1.599374
-9.180270 3.831563 -1.923661
-0.644966 5.968627 -0.223846
-11.439162 1.790128 -1.112726
-1.439798 5.914204 -0.487695
9.481167 3.674812 1.937999
11.210498 2.172894 1.343309
11.965768 0.446724 0.272981
-11.312594 1.973742 -1.246057
-11.621424 1.433867 -0.974231
11.458194 1.763088 1.105308
-6.487857 5.032666 -1.800216
7.208327 4.800837 1.929840
-11.032392 2.336167 -1.465455
-11.913543 0.656329 -0.442983
1.836832 5.956473 0.630678
4.283830 5.593166 1.337332
-11.420427 1.840538 -1.157331
7.614989 4.670424 1.954009
-11.328235 1.992071 -1.262057
-11.892001 0.829540 -0.547889
9.226990 3.816653 1.999975
3.842771 5.681621 1.259741
-8.733619 4.094943 -1.991051
8.676812 4.169147 1.998026
-6.812928 4.950579 -1.852970
2.705803 5.803635 0.877611
-11.930979 0.564001 -0.415242
-10.849186 2.556671 -1.559662
-11.820758 1.027355 -0.676557
-3.049281 5.810288 -0.973722
-8.604052 4.177522 -1.977733
8.327757 4.283912 1.981477
-7.246287 4.770386 -1.923333
11.144262 2.238399 1.341287
7.295124 4.777432 1.945331
-6.240130 5.135733 -1.777322
-11.025192 2.338658 -1.444872
10.080792 3.240391 1.784148
7.983537 4.485968 2.012201
11.473575 1.791315 1.135778
11.984511 0.306797 0.168569
7.800141 4.568681 1.983825
1.890703 5.910661 0.602021
11.911019 0.838037 0.590817
10.770717 2.585900 1.565424
-6.544679 5.041697 -1.831886
-10.883106 2.559473 -1.527075
11.928971 0.758652 0.530926
-8.780284 4.071808 -1.958349
6.831530 4.899345 1.877564
3.218239 5.783380 1.049917
-11.874538 0.832536 -0.544588
5.248185 5.386199 1.584552
9.791510 3.476666 1.919377
-10.336378 3.069229 -1.764487
9.299635 3.775558 1.959671
-4.564973 5.577606 -1.382490
-3.893597 5.667627 -1.254930
10.504358 2.862347 1.717534
-9.537124 3.620243 -1.932142
-5.204680 5.416407 -1.538279
11.472594 1.773851 1.136416
-8.210988 4.389830 -1.977640
4.813806 5.517206 1.478537
5.645637 5.295469 1.633757
-8.321844 4.318846 -2.006628
11.917096 0.725875 0.485863
-9.172732 3.908627 -1.949549
-2.994594 5.781343 -0.954209
-7.353393 4.704695 -1.910283
-8.997867 4.020645 -1.968621
-10.878698 2.560341 -1.540351
-10.786788 2.653620 -1.572896
7.581169 4.668325 1.968397
-2.096523 5.965151 -0.683586
-1.062969 5.961319 -0.369518
-7.876724 4.504268 -2.007056
-10.084032 3.218464 -1.790888
4.749403 5.490189 1.411486
-1.921677 5.938846 -0.661943
-4.084079 5.622581 -1.304059
10.852222 2.545528 1.566702
-11.336190 1.939558 -1.241012
-2.581237 5.897676 -0.844840
11.047130 2.374940 1.460400
8.632529 4.212122 2.033636
11.923754 0.629399 0.411023
7.209997 4.796807 1.877160
10.658594 2.738079 1.640228
-10.030557 3.242298 -1.824999
-8.696153 4.162167 -2.019713
7.909920 4.504347 1.980603
-2.187130 5.915729 -0.695907
8.080069 4.422221 2.007027
11.952960 0.399123 0.243866
4.446151 5.607317 1.359847
-6.129489 5.142714 -1.744932
-3.249507 5.742028 -1.054515
-2.276792 5.900040 -0.736493
2.788669 5.830164 0.883583
-9.385078 3.790653 -1.966604
-11.875054 0.854797 -0.547896
11.613026 1.479620 0.942572
11.253187 2.105097 1.328243
-7.326854 4.777151 -1.932714
-9.112222 3.894539 -1.931368
0.259509 5.991404 0.049922
10.957701 2.469282 1.486006
6.003747 5.220727 1.738246
1.139949 5.969431 0.389629
-5.582897 5.347480 -1.690042
4.997531 5.493290 1.492963
-0.305575 6.002650 -0.106435
-8.233160 4.405676 -1.989196
-6.686698 4.957359 -1.844752
8.217623 4.360253 1.991185
9.571614 3.612496 1.898837
-2.776885 5.839375 -0.913210
-10.745012 2.646466 -1.596806
-11.955161 0.582223 -0.396875
11.134077 2.242127 1.385686
-8.073589 4.419492 -1.972994
8.180955 4.383915 1.990614
8.107621 4.433555 1.986377
-1.186739 5.956615 -0.374967
-11.684231 1.276073 -0.824804
7.296428 4.758487 1.927660
11.110805 2.263613 1.420027
6.415920 5.062711 1.789263
6.777904 4.978629 1.882039
-11.295202 2.029850 -1.276509
-6.009028 5.206504 -1.724522
-7.741738 4.574752 -1.953748
2.460188 5.880250 0.772994
-2.108864 5.900185 -0.678318
-8.383748 4.292241 -1.985139
11.901870 0.704504 0.496101
-10.551309 2.836397 -1.657284
-7.675073 4.603843 -1.986854
11.896551 0.812228 0.541570
-6.962083 4.914366 -1.877084
5.084398 5.444332 1.523437
11.684455 1.393468 0.872118
-7.273385 4.791425 -1.940137
-6.908235 4.924689 -1.866576
-4.487562 5.575746 -1.416197
6.679169 5.022789 1.817480
11.041807 2.293139 1.422688
9.624726 3.560980 1.907475
3.515395 5.751543 1.108561
7.544189 4.656378 1.953573
4.187679 5.619114 1.298761
6.630103 4.956688 1.831697
-11.655129 1.418059 -0.889245
0.132087 6.020740 0.055664
-11.064792 2.331284 -1.445988
11.356438 1.972943 1.258964
-9.564974 3.609215 -1.918556
-9.248005 3.804783 -1.991527
-5.282698 5.401583 -1.584211
2.245759 5.892603 0.742974
-11.432461 1.804163 -1.165313
-7.166685 4.803054 -1.917625
1.514473 5.991815 0.519826
-11.387553 1.918975 -1.229501
-12.020529 0.116141 -0.055408
-6.048764 5.183243 -1.734750
5.891935 5.246827 1.679587
11.020130 2.359259 1.454561
6.538642 5.028405 1.815060
-11.781943 1.203236 -0.776904
-2.502063 5.877825 -0.824889
6.305373 5.072257 1.791651
-10.392109 3.029095 -1.726702
2.992036 5.808475 0.957802
-6.971109 4.938682 -1.911254
-11.995873 0.101748 -0.097271
-5.951965 5.195213 -1.744263
-7.892060 4.494156 -1.986082
7.519819 4.659682 1.944059
-10.720320 2.708859 -1.581135
4.763035 5.495135 1.475805
-7.240733 4.825546 -1.912876
11.783689 1.163395 0.747050
2.702357 5.854529 0.871130
-7.750049 4.591460 -1.958792
8.930030 3.992975 1.957548
-1.599323 5.944850 -0.505113
-3.128319 5.799367 -1.021886
-6.248684 5.084895 -1.789121
-2.406244 5.879349 -0.786428
1.974567 5.896858 0.631206
6.349789 5.080090 1.807884
-1.640590 5.991233 -0.549286
11.368239 1.897647 1.237756
7.876537 4.513030 1.998552
-11.294134 2.031225 -1.242533
11.184389 2.171503 1.354062
0.473680 6.005912 0.171010
-11.276657 2.100760 -1.338711
-9.798237 3.440285 -1.884364
8.287844 4.327097 1.998355
2.572237 5.862635 0.836367
6.705406 5.012485 1.835452
8.762390 4.112317 2.015847
6.389924 5.097467 1.799064
-11.345986 1.953273 -1.205743
-10.508233 2.856384 -1.683999
-2.101204 5.901384 -0.693081
-2.396415 5.850107 -0.775857
1.637328 5.964024 0.522669
-6.985593 4.897507 -1.877394
-9.750299 3.514365 -1.890513
2.071749 5.879611 0.667915
-9.120231 3.906995 -1.983093
-11.846195 0.888333 -0.550028
-6.265276 5.098685 -1.806393
-8.636962 4.183007 -1.998548
11.546581 1.641552 1.084924
8.460024 4.240082 2.005775
6.311742 5.095793 1.810003
4.527971 5.563651 1.393246
-8.664308 4.137314 -2.004839
10.237674 3.110600 1.759231
8.631876 4.166473 2.002724
0.906260 5.990645 0.313182
-10.390001 2.971111 -1.718909
1.641786 5.912931 0.549639
-9.327647 3.773829 -1.976503
5.942285 5.206410 1.730445
3.577934 5.743899 1.108480
0.749156 6.016679 0.256108
10.440420 2.951011 1.710574
5.915965 5.242752 1.725661
5.959593 5.212939 1.720853
-2.933269 5.843085 -0.957286
10.911093 2.497581 1.511413
-8.845910 4.072010 -2.019310
-8.555275 4.173385 -1.937383
-6.547024 5.012299 -1.776853
6.876863 4.958769 1.885682
-10.803907 2.657330 -1.575606
5.763406 5.268506 1.668130
5.941498 5.186091 1.746429
10.267006 3.083813 1.778458
11.897957 0.857216 0.571853
-5.412211 5.378887 -1.612064
1.079170 5.980694 0.356439
8.977910 3.984909 2.004894
4.687589 5.514213 1.418413
2.119279 5.876655 0.651785
8.282536 4.350707 2.040861
8.456905 4.247400 2.007732
11.626712 1.506663 0.997347
9.905877 3.411150 1.870283
11.997675 0.160881 0.107380
4.765903 5.505922 1.450806
10.389219 2.994148 1.715440
-0.106266 6.003974 -0.063646
-11.814233 1.089163 -0.692158
0.826519 5.992052 0.256704
3.594477 5.731375 1.160725
-11.550734 1.689565 -1.085839
-2.389130 5.883409 -0.812872
-2.099469 5.906022 -0.694136
8.232082 4.346171 1.990903
-10.961807 2.454106 -1.498215
-12.006437 0.056109 -0.035523
11.596035 1.442762 0.933408
5.833431 5.248117 1.685395
-10.715205 2.688185 -1.619030
10.255607 3.099870 1.783744
-8.016531 4.439066 -1.973096
-7.814131 4.559924 -1.969105
-5.075774 5.428196 -1.546916
5.972826 5.220421 1.746987
-5.618216 5.308074 -1.654702
-4.612450 5.548026 -1.435745
-7.822453 4.577300 -1.971086
3.695876 5.726309 1.189416
-4.854622 5.471611 -1.454777
11.977211 0.372244 0.228073
11.739771 1.240616 0.869904
9.801661 3.487106 1.878445
11.650214 1.326414 0.918957
0.788525 5.999329 0.278127
-7.356822 4.737560 -1.944382
12.021799 0.193186 0.094606
-2.502543 5.894824 -0.791932
-9.674544 3.560684 -1.925591
0.450645 6.015613 0.132421
-7.394334 4.749791 -1.877266
-10.788254 2.628200 -1.597753
3.185922 5.780862 0.991824
11.689513 1.302394 0.839582
9.384084 3.768782 1.982506
11.961498 0.472470 0.338114
8.007461 4.512869 1.963149
-10.533261 2.885875 -1.676453
-4.818712 5.505026 -1.479085
-9.104044 3.891795 -1.967876
-9.599440 3.577086 -1.913743
-5.862531 5.246166 -1.701084
6.984130 4.865830 1.887449
3.430691 5.736298 1.105975
6.577787 5.009660 1.821839
9.844058 3.430985 1.858797
-7.267343 4.778909 -1.903247
11.048314 2.277873 1.390682
-8.002839 4.503092 -2.013399
-4.968319 5.456220 -1.508500
-11.190336 2.156895 -1.330922
4.141749 5.621582 1.313021
-10.699434 2.676878 -1.643970
-9.773423 3.506851 -1.907057
0.214987 5.972591 0.075502
-6.492169 5.004740 -1.843665
4.689746 5.483273 1.450380
11.954295 0.508908 0.309557
-3.169797 5.778027 -1.022947
6.942770 4.860003 1.903193
-8.988887 4.003461 -1.973191
11.998166 0.163410 0.083904
11.220231 2.098595 1.283869
7.875681 4.506327 1.965744
2.866285 5.801797 0.926129
-8.224448 4.387953 -1.945525
-11.485038 1.715899 -1.088135
1.759292 5.899845 0.574852
-10.151102 3.197392 -1.795588
-5.657325 5.310706 -1.643874
10.998211 2.434924 1.475182
10.851517 2.540676 1.541886
7.672423 4.620133 1.968077
-11.346645 1.932103 -1.260792
12.029724 0.083103 0.027776
12.027678 0.051266 0.053267
-10.750234 2.680924 -1.566581
-8.718500 4.135399 -1.994280
-10.686631 2.765629 -1.634322
-7.130620 4.861110 -1.922295
-9.827688 3.407288 -1.923581
11.476008 1.796545 1.119085
-2.925559 5.820286 -0.942396
5.241428 5.378735 1.608009
-1.320778 5.957233 -0.448245
6.638406 5.011182 1.850188
9.347320 3.788720 1.961389
10.112911 3.272691 1.840564
11.247496 2.093199 1.281908
4.423430 5.593137 1.415627
-10.351878 3.076750 -1.785539
-2.815316 5.845994 -0.884474
7.134101 4.815718 1.940596
-11.485373 1.768512 -1.109373
4.898633 5.470781 1.497056
1.982756 5.895259 0.636408
-9.384970 3.742073 -1.938609
3.247428 5.752941 1.030985
8.364530 4.305484 2.014488
3.613503 5.714811 1.131382
-1.820309 5.933233 -0.632527
-11.561300 1.575905 -1.019613
-8.676750 4.200089 -1.982923
-11.373717 1.956708 -1.195386
-0.348664 5.994633 -0.119420
1.019156 5.959193 0.336310
3.421069 5.753988 1.089973
10.377012 3.023051 1.743509
-10.203036 3.180696 -1.801169
11.433034 1.776413 1.142439
7.389913 4.716431 1.945743
9.172678 3.821244 1.969256
-2.396937 5.874605 -0.765422
-3.811141 5.653246 -1.216291
7.892923 4.511471 1.957626
10.159759 3.201345 1.785451
8.874498 4.053212 1.953679
5.986375 5.160038 1.749585
4.118603 5.655781 1.262097
-9.393931 3.749478 -1.991046
-11.483414 1.736611 -1.135343
-5.575960 5.336055 -1.628338
11.837550 1.013283 0.649705
1.362637 5.980660 0.458843
1.180210 5.975926 0.379839
-11.313024 1.984074 -1.258327
6.396812 5.066566 1.798229
-7.627647 4.643225 -1.931142
-9.463023 3.674916 -1.960831
-0.458599 5.988360 -0.167778
0.275264 6.009276 0.124818
11.132892 2.178316 1.373512
11.773864 1.138111 0.743952
-11.949326 0.517118 -0.357255
-2.365848 5.884930 -0.788113
8.002801 4.440869 1.964739
-9.795246 3.451644 -1.901691
11.834930 1.010572 0.667692
-11.802426 1.027764 -0.695076
10.319859 3.052748 1.738935
-11.952315 0.279631 -0.154191
7.208310 4.774791 1.933880
-11.511096 1.731596 -1.084240
11.900685 0.783937 0.492469
10.754332 2.719491 1.594530
11.927700 0.740335 0.466199
7.483610 4.684419 1.941445
-8.592023 4.189705 -2.006528
10.612258 2.829463 1.639561
10.991996 2.412886 1.507942
-7.412680 4.696627 -1.952179
-2.268526 5.892329 -0.712956
11.811941 1.109501 0.720327
7.529472 4.695543 1.941496
-8.668204 4.166193 -1.991755
-1.793085 5.953105 -0.606746
-11.802282 1.072636 -0.681978
-9.026313 3.957846 -2.002922
-8.229633 4.364774 -1.997263
-9.942078 3.380607 -1.850894
11.572283 1.589735 1.033647
5.356830 5.368488 1.623899
-9.997116 3.346487 -1.844877
7.137526 4.859298 1.918749
1.997281 5.919507 0.655301
-4.522315 5.552707 -1.381133
11.300691 2.092581 1.309685
-6.991027 4.862522 -1.916875
3.868710 5.671324 1.216922
-11.123843 2.254134 -1.387031
0.490548 6.004626 0.125840
11.941778 0.581923 0.396627
-8.512068 4.227178 -2.035335
-6.794496 4.910175 -1.863207
-11.831818 0.924857 -0.645310
-9.972690 3.355110 -1.860189
-2.493084 5.852671 -0.803562
-9.268309 3.802449 -1.950810
9.847086 3.446316 1.905233
-11.545185 1.762802 -1.092245
-8.861683 3.991702 -2.000290
0.200125 6.040027 0.023436
11.909913 0.776671 0.497023
3.214018 5.791013 1.029580
5.321619 5.366672 1.567362
-5.838062 5.264650 -1.700903
-11.942540 0.240212 -0.157210
6.669566 4.978006 1.874416
-11.763698 1.251587 -0.829331
-6.551173 4.990696 -1.855670
10.497621 2.836856 1.697828
-6.337341 5.094189 -1.779298
-2.006111 5.942532 -0.686671
7.817014 4.565613 2.031280
10.957381 2.413387 1.470004
10.436155 2.978307 1.707029
-10.968344 2.410667 -1.462899
0.939182 5.976548 0.331171
-2.495011 5.870866 -0.811496
-8.123447 4.398427 -1.969494
9.488101 3.691190 1.930077
8.540591 4.212047 1.994544
-9.161393 3.851922 -1.972074
6.807122 4.953017 1.844830
10.656774 2.722966 1.633879
-9.877357 3.400547 -1.854773
6.906680 4.918563 1.857510
11.096308 2.312234 1.451423
-4.836509 5.514771 -1.460120
8.243768 4.369026 1.956034
10.800669 2.618175 1.610467
8.323139 4.253959 2.006262
-4.699648 5.480340 -1.430679
7.232677 4.780073 1.961742
11.619638 1.550784 1.049055
0.227168 5.980464 0.070211
7.320500 4.743050 1.930426
10.581485 2.821186 1.624922
-0.281270 5.980581 -0.093308
5.480821 5.348169 1.596448
-2.890856 5.832988 -0.992492
-8.560950 4.245450 -1.981027
1.157915 5.974479 0.373280
-10.911545 2.543912 -1.515325
11.885977 0.803604 0.528303
-8.047205 4.423129 -1.969103
11.541124 1.641576 1.078611
11.309709 1.999542 1.209049
-5.053166 5.472527 -1.532491
-10.615617 2.807982 -1.637581
8.286258 4.332062 2.011736
-0.247225 5.968803 -0.076215
-8.942125 3.958711 -2.002240
10.034760 3.289969 1.843801
3.242646 5.745251 1.039636
-3.453664 5.720493 -1.065978
-9.413304 3.745638 -1.978548
-2.718398 5.868996 -0.914842
10.715275 2.680287 1.589144
-10.346648 3.033681 -1.759280
-9.979693 3.325637 -1.868412
-7.737181 4.591616 -1.930340
-8.043856 4.478785 -1.961574
1.631024 5.939134 0.559693
-5.469299 5.339699 -1.606509
-11.990708 0.020569 -0.020244
-11.981676 0.457920 -0.309261
9.989444 3.294166 1.876727
-5.028533 5.457935 -1.511599
-10.932476 2.440233 -1.467405
11.807601 1.134416 0.756673
-2.835211 5.779466 -0.930026
11.210158 2.141245 1.315419
10.069919 3.298726 1.807642
5.156488 5.420354 1.539239
-2.095103 5.918353 -0.718393
-1.535770 5.964853 -0.534104
-0.164415 5.983562 -0.047456
-11.899418 0.827578 -0.552233
-0.320213 5.972379 -0.106443
-8.040899 4.438767 -1.998499
5.942290 5.251948 1.686436
-8.332758 4.281915 -1.986983
-8.442746 4.256055 -1.989343
-6.104223 5.169862 -1.753375
-8.606526 4.180621 -2.004118
-2.693537 5.860094 -0.898719
-10.758162 2.629352 -1.603997
-10.390297 3.002067 -1.750121
11.446486 1.796957 1.168244
1.928394 5.925671 0.614071
11.135344 2.205791 1.341573
-11.844243 0.920108 -0.630782
2.420912 5.915991 0.757367
9.277659 3.820863 1.984805
-10.497928 2.954098 -1.697379
11.570121 1.590609 1.057773
10.662885 2.788451 1.670896
-6.376358 5.050916 -1.760754
-0.287985 5.969845 -0.095679
7.994984 4.447211 1.962249
-2.874853 5.827812 -0.915649
9.533987 3.618445 1.961084
6.766566 4.957844 1.884679
-4.116950 5.630700 -1.278883
-11.176820 2.139269 -1.364715
-7.159854 4.813971 -1.875609
-5.220600 5.374249 -1.553824
-8.404927 4.287820 -2.012436
4.480388 5.553040 1.388746
-11.976813 0.336769 -0.244269
-4.138251 5.633030 -1.296973
8.253319 4.333725 2.015504
11.936224 0.677156 0.476679
11.278028 2.066296 1.295943
9.736115 3.506436 1.872563
-8.095500 4.422146 -1.987659
-10.009464 3.353169 -1.847284
-11.658154 1.385568 -0.909215
-5.167526 5.366497 -1.542372
7.132230 4.837623 1.908590
-10.497903 2.930851 -1.697610
-11.846909 0.885944 -0.554194
-6.970386 4.903802 -1.902759
11.707233 1.343653 0.847622
3.304906 5.773653 1.099284
8.522214 4.233826 1.991163
-11.763570 1.181444 -0.746606
-9.964724 3.351012 -1.839575
11.717536 1.310829 0.829400
-4.032703 5.635884 -1.271311
-12.000462 0.313269 -0.195358
-0.884458 5.982134 -0.327397
-11.271117 2.054155 -1.302900
-9.982889 3.322038 -1.850072
1.051826 5.965153 0.355112
2.187342 5.885604 0.679140
10.479490 2.936176 1.739936
5.300773 5.368267 1.593222
9.934443 3.426512 1.828665
-10.625148 2.774525 -1.641290
-3.802048 5.702199 -1.215156
-11.740151 1.197311 -0.775509
3.343314 5.747098 1.080503
-7.127409 4.847458 -1.900570
-10.392178 3.020669 -1.705455
11.993332 0.232585 0.158042
6.340508 5.097387 1.799397
2.384717 5.855446 0.753200
-11.728467 1.343310 -0.880576
-11.070751 2.372160 -1.457508
11.566988 1.606258 1.004856
-11.920819 0.837349 -0.558359
-4.680435 5.504897 -1.415674
11.685057 1.344532 0.842533
-6.739513 4.960402 -1.829374
-10.789491 2.620633 -1.554600
8.230519 4.309424 1.985810
6.342740 5.080232 1.759696
7.674810 4.591083 1.956295
-7.128319 4.836378 -1.922682
-7.614624 4.692090 -1.976072
-9.110026 3.884845 -1.962615
-11.633011 1.467397 -0.970421
10.086619 3.261322 1.850060
-7.267809 4.776810 -1.941510
-5.313772 5.407093 -1.591826
8.145236 4.469364 1.994703
-11.950646 0.492679 -0.325636
0.871346 5.988262 0.297906
-11.797677 0.946695 -0.617468
-11.963082 0.538713 -0.351292
-11.417972 1.879307 -1.161026
1.518334 5.955194 0.476661
7.672473 4.624132 1.970416
-3.211331 5.779862 -1.033267
1.885434 5.935937 0.591145
1.187516 5.955811 0.383165
8.654336 4.166785 1.996870
-10.546633 2.867629 -1.682554
-7.950846 4.509986 -1.987706
-10.928046 2.461864 -1.503807
-1.171768 5.983811 -0.349099
11.488656 1.722416 1.130854
-10.894777 2.526825 -1.498693
11.727769 1.293776 0.819234
10.649963 2.796296 1.663806
-11.831009 1.066744 -0.652484
-2.300863 5.872966 -0.796534
-6.282207 5.128005 -1.796707
-10.151117 3.214077 -1.794060
-5.923461 5.196946 -1.721586
2.098726 5.893593 0.677405
-1.569599 5.917638 -0.546674
3.772314 5.693035 1.176215
-2.926878 5.820957 -0.958499
11.993293 0.010031 0.062140
-0.328380 5.995801 -0.123739
12.016055 0.425268 0.284408
11.284308 2.007531 1.276500
-10.621808 2.813747 -1.646675
-5.772817 5.259625 -1.694695
10.085689 3.255859 1.819378
-8.417180 4.281498 -1.998533
0.904446 5.942717 0.321757
10.921017 2.449628 1.499573
-11.683456 1.319516 -0.854651
11.263471 2.088662 1.331492
11.980025 0.367110 0.257611
8.327811 4.350173 2.007764
11.569255 1.607860 1.024006
11.980200 0.364520 0.229302
-5.549693 5.350073 -1.638934
10.991420 2.409855 1.487341
-2.414792 5.922407 -0.793954
8.654774 4.163784 2.024389
-11.794552 1.093529 -0.728673
9.324615 3.757690 1.959856
-0.759754 5.997152 -0.288467
-8.064659 4.454546 -2.000079
6.693556 4.998659 1.874868
-10.351622 3.051181 -1.735085
6.610839 5.014401 1.854602
4.163864 5.640077 1.303648
2.589411 5.877600 0.852872
3.002236 5.810894 1.002855
-3.953105 5.687025 -1.249946
9.058429 3.932760 1.944813
6.136063 5.143258 1.760245
9.004638 3.949935 1.984266
7.746280 4.603677 1.960836
-8.822268 4.062334 -1.984520
-4.722153 5.506630 -1.413634
-11.901208 0.687568 -0.466268
-11.882698 0.938441 -0.627121
9.581085 3.603775 1.893309
9.457282 3.698625 1.914934
-11.543207 1.737625 -1.112605
10.860662 2.534019 1.522027
-8.796849 4.082726 -2.005376
9.858856 3.399422 1.861872
10.835199 2.597877 1.575169
2.301957 5.874325 0.713065
-6.566907 4.976883 -1.817284
-10.578867 2.849616 -1.669414
9.559924 3.629354 1.928862
11.414771 1.828134 1.133890
-9.554937 3.611853 -1.891254
1.844309 5.969096 0.591053
-4.050125 5.659982 -1.254295
-3.117087 5.803839 -1.013343
-8.767569 4.116555 -1.988205
-12.014073 0.209099 -0.134303
-5.396080 5.381230 -1.585439
4.926006 5.492454 1.529230
10.212152 3.149587 1.782519
11.370141 1.884038 1.220969
-6.836270 4.950258 -1.908057
8.356403 4.310392 2.006923
7.733802 4.609861 1.949881
2.134963 5.929266 0.659859
-1.071895 6.005301 -0.358896
3.107354 5.811665 0.992326
-11.879473 0.827505 -0.551787
7.055097 4.838628 1.868132
-3.780119 5.684161 -1.175588
11.996556 0.304037 0.207364
11.773030 1.188482 0.779224
9.708525 3.487543 1.885272
7.631296 4.635270 1.989487
1.296464 5.957580 0.379023
-2.767654 5.865315 -0.935351
10.424059 2.980132 1.726506
-2.913251 5.826305 -0.949342
11.625607 1.541234 0.991740
3.959392 5.674388 1.250544
-9.641092 3.542774 -1.900932
0.934665 5.980960 0.314968
-5.989124 5.235489 -1.702526
9.137977 3.861902 1.942331
-7.291824 4.789273 -1.923275
-12.003201 0.276031 -0.225911
-5.483776 5.366746 -1.587916
-11.961612 0.374973 -0.204028
-10.414817 3.012157 -1.726608
-8.982013 4.000860 -1.974427
0.796666 5.974982 0.282499
-2.723178 5.816633 -0.870513
8.550004 4.213039 2.028177
-11.108724 2.288822 -1.433937
11.979884 0.265053 0.161428
-9.637588 3.565525 -1.928618
-11.786066 1.120062 -0.746317
6.033082 5.209600 1.711585
-9.713847 3.523084 -1.914327
2.640021 5.859572 0.880488
-10.787609 2.597092 -1.586178
-4.753223 5.520269 -1.416168
11.837807 1.040720 0.692078
4.556716 5.547907 1.411248
11.993309 0.405824 0.219177
-8.455868 4.242607 -1.981902
-11.035885 2.346815 -1.472886
-11.999576 0.066077 -0.068870
-0.997013 5.946890 -0.301683
4.021032 5.645701 1.284626
-0.924993 5.967846 -0.296407
2.132072 5.910623 0.724563
7.229344 4.787888 1.930470
-11.539372 1.688895 -1.074935
3.948287 5.696780 1.230362
-11.379412 1.930009 -1.243553
-2.492194 5.867257 -0.780268
-10.676381 2.766574 -1.627063
-5.922265 5.222542 -1.761850
1.178257 6.009754 0.363612
-7.520056 4.669844 -1.937807
-7.791337 4.546593 -1.962640
-10.974363 2.400634 -1.445118
1.491354 5.962592 0.506223
-1.143169 5.960862 -0.391521
-8.876622 4.063894 -2.008082
-0.587173 6.024060 -0.153620
-4.449405 5.548387 -1.376364
8.878188 4.036875 1.954410
-11.974216 0.444798 -0.290776
-4.972352 5.491095 -1.516971
-5.467651 5.329130 -1.623311
-8.330601 4.336244 -2.013134
-9.419186 3.706607 -1.954954
11.498192 1.780982 1.117497
4.785774 5.497998 1.461450
-3.673495 5.701939 -1.156434
-12.017994 0.078366 -0.024786
-0.631719 6.001616 -0.170494
12.004368 0.044837 0.036380
-11.959566 0.518216 -0.378332
-1.909112 5.923388 -0.593334
11.766237 1.233093 0.800095
5.615076 5.338260 1.680032
-11.863549 0.749856 -0.481006
6.062313 5.177564 1.757781
-2.052942 5.936270 -0.686209
6.194133 5.121390 1.770963
-4.194014 5.640462 -1.271904
0.498103 5.980233 0.175582
6.183498 5.140722 1.756540
11.487877 1.755115 1.121295
7.577658 4.635890 1.928491
-4.439346 5.595074 -1.373157
-0.559609 5.999063 -0.173619
2.142381 5.915631 0.672430
-2.688287 5.828465 -0.850321
4.595248 5.505426 1.439408
-0.734640 5.945352 -0.248156
-2.722312 5.850219 -0.912312
-7.497955 4.688409 -1.920090
-11.909906 0.671364 -0.481974
9.138381 3.902715 1.954303
-11.963433 0.476126 -0.281276
-11.976888 0.299097 -0.223667
-9.888579 3.391772 -1.878029
-7.502858 4.661899 -1.938042
11.709540 1.277514 0.815760
-9.255305 3.837926 -1.946267
-4.076546 5.626949 -1.284161
8.486635 4.243109 2.000229
8.676379 4.157028 1.951702
6.002389 5.182279 1.760400
6.370329 5.022613 1.811129
3.702927 5.700242 1.197785
-1.149729 5.968590 -0.362555
-9.488801 3.690341 -1.930268
3.768682 5.688437 1.213465
11.932700 0.511988 0.345675
-6.790394 4.957649 -1.854947
11.986675 0.043533 0.002180
1.128848 5.987447 0.333930
-5.625417 5.283738 -1.677647
-4.261693 5.641506 -1.352081
-9.987740 3.303246 -1.841310
-11.794148 1.039161 -0.696658
5.968770 5.223476 1.722552
-7.821781 4.582994 -1.997789
-10.924634 2.449769 -1.515553
-10.589585 2.831160 -1.664797
-9.636939 3.614453 -1.938277
-0.828042 6.000353 -0.234821
-9.347426 3.734971 -1.938362
8.824380 4.079941 2.011671
-0.504454 5.976019 -0.195826
-1.718364 5.953383 -0.573017
10.691237 2.702189 1.593907
-10.886816 2.493072 -1.476247
2.123272 5.911747 0.681527
3.754519 5.707279 1.183347
-3.229538 5.795115 -1.020400
-3.421711 5.749586 -1.064607
5.819854 5.224531 1.682524
-6.850227 4.937607 -1.889069
6.981025 4.899466 1.873550
-1.594726 5.954662 -0.501598
11.953973 0.250331 0.170686
11.727486 1.345327 0.823254
11.642048 1.590116 1.021803
-4.353806 5.600614 -1.336108
-0.561552 5.996401 -0.169043
5.084129 5.421334 1.552837
4.714415 5.556421 1.438807
-11.390582 1.907164 -1.179947
-7.853703 4.552081 -2.013792
7.864975 4.460423 2.000110
5.407421 5.352859 1.588689
-11.893224 0.877664 -0.584627
4.324973 5.556594 1.367113
-0.318651 6.010654 -0.057473
-8.032941 4.449754 -1.998872
9.102041 3.913335 1.943334
-5.421770 5.395910 -1.590569
8.877782 4.018925 1.991787
-10.877575 2.552624 -1.542016
3.120385 5.801364 0.973496
-11.966529 0.462086 -0.333789
11.747851 1.200553 0.774007
-1.295239 5.973399 -0.419034
1.695533 5.979528 0.539983
7.293796 4.748064 1.876575
11.071864 2.285659 1.402660
11.621860 1.501765 0.943132
-10.094231 3.229422 -1.806439
10.231852 3.159400 1.798536
11.950640 0.609548 0.402197
-2.227313 5.875048 -0.733301
9.190343 3.853500 1.973693
4.779002 5.493433 1.467959
-9.930476 3.384378 -1.858876
-3.722627 5.703387 -1.184247
10.698788 2.721925 1.609220
11.066083 2.397445 1.451140
-3.572258 5.726446 -1.137098
-10.559603 2.846109 -1.674571
1.037547 5.968210 0.350467
-6.250058 5.117376 -1.783946
-9.489808 3.630810 -1.912592
10.505765 2.925988 1.691400
-5.600406 5.328435 -1.668873
-11.982508 0.443232 -0.305278
-6.648710 5.000279 -1.865169
-7.193564 4.828437 -1.925636
11.296634 2.021677 1.277467
-2.854181 5.835467 -0.925288
10.723320 2.685071 1.604423
-7.366676 4.701876 -1.921798
0.836767 5.973719 0.278474
11.828752 1.082298 0.732060
9.272818 3.787786 1.950418
4.042577 5.639686 1.266334
10.784749 2.671143 1.566874
6.017303 5.185401 1.754965
-12.032674 0.007433 -0.038693
9.263518 3.785991 1.983834
-2.775190 5.856609 -0.886638
11.985664 0.075174 0.039864
-11.826773 0.970708 -0.656508
-10.576542 2.834731 -1.690474
11.637136 1.452047 0.931127
10.411074 2.993467 1.703034
-3.271912 5.729730 -1.065384
10.515776 2.868895 1.618392
6.481831 5.095686 1.852505
-9.409542 3.746369 -1.902344
-6.786875 4.965718 -1.894072
-5.093576 5.457731 -1.538359
11.892867 0.768983 0.511641
9.433964 3.717719 1.922327
11.167142 2.213012 1.353333
-2.353353 5.874668 -0.794847
-8.378874 4.283796 -1.956620
0.673746 6.014452 0.242103
-9.813367 3.440496 -1.899342
11.667620 1.392912 0.957184
10.677841 2.698380 1.574608
11.794540 1.177239 0.789195
3.443863 5.763716 1.098285
9.738580 3.516234 1.914078
-11.663196 1.369528 -0.902561
10.616498 2.782388 1.659186
-9.770785 3.473962 -1.881040
11.758828 1.280691 0.817150
8.784058 4.062619 2.014094
5.724342 5.259135 1.690740
-11.538762 1.667208 -1.028998
-11.870857 0.716045 -0.465489
-5.593830 5.303617 -1.645136
4.185073 5.606652 1.321607
-10.961174 2.429343 -1.483862
-1.790947 5.907000 -0.560861
11.497478 1.576851 1.073846
5.323825 5.381890 1.591233
10.920372 2.470553 1.478247
-9.868623 3.455420 -1.892668
9.128043 3.880526 1.962844
5.631564 5.284952 1.683286
-5.281720 5.395747 -1.596510
-2.279215 5.939646 -0.753186
-9.049640 3.970279 -1.976192
-8.578906 4.198141 -1.969015
-11.701290 1.322443 -0.867576
-1.178533 5.999270 -0.391604
4.409215 5.545721 1.397109
11.801712 0.983622 0.674534
10.933361 2.429402 1.504943
9.619835 3.560020 1.905283
11.343236 1.915227 1.239113
12.009448 0.041033 0.031710
2.591763 5.846152 0.839325
11.192261 2.112763 1.355238
6.359810 5.067988 1.785170
6.825282 4.950280 1.878111
3.206461 5.777153 1.006040
-1.464393 5.957695 -0.453340
6.361280 5.090217 1.787920
8.981723 3.957798 1.987705
-5.854597 5.260703 -1.744832
11.276676 2.039484 1.299740
5.620790 5.297660 1.675201
10.623907 2.775039 1.644368
11.939836 0.463876 0.312103
-10.201545 3.147252 -1.762219
-8.495676 4.219569 -2.011618
-10.801829 2.586487 -1.562433
-5.275479 5.401610 -1.576933
-10.330344 3.035856 -1.759874
2.554247 5.866929 0.829420
0.534624 5.989588 0.193064
0.556949 6.002709 0.222839
11.661467 1.314081 0.851970
-10.742968 2.705558 -1.633618
-10.732092 2.716006 -1.597023
-11.978245 0.306384 -0.188242
-10.800663 2.646270 -1.599483
-11.711076 1.264135 -0.769243
-11.960906 0.446058 -0.268248
3.763023 5.712469 1.204823
11.713938 1.326365 0.880273
-2.253301 5.890107 -0.755546
-9.164750 3.867586 -1.996199
-11.911115 0.807518 -0.486710
8.003239 4.495415 1.950925
5.898910 5.210838 1.747867
-11.917768 0.796342 -0.514208
-9.872395 3.409958 -1.922183
10.262040 3.060551 1.735869
-11.951808 0.572858 -0.355322
11.959325 0.576044 0.376108
12.014773 0.160020 0.095248
9.958092 3.337506 1.836207
9.882510 3.437171 1.878921
7.284316 4.757566 1.937654
-3.816830 5.686195 -1.206565
-11.637209 1.498896 -0.982458
2.883783 5.822210 0.907754
9.434050 3.702044 1.947982
1.754390 5.948888 0.590598
10.730818 2.654532 1.590520
-11.081464 2.262948 -1.382181
6.090263 5.163205 1.720786
-2.871413 5.823767 -0.920732
-11.590657 1.546885 -1.010587
-0.044194 6.001529 -0.038220
1.191055 5.982591 0.397949
-4.385792 5.604085 -1.369340
-10.963669 2.406084 -1.444093
11.389697 1.882163 1.178214
-6.455363 5.051383 -1.823798
5.868840 5.241763 1.675472
10.654665 2.772960 1.606804
-11.346553 1.927447 -1.235837
-11.648860 1.474427 -0.882190
10.870510 2.491894 1.525564
0.781351 5.992883 0.277581
-11.991186 0.082261 -0.080454
-7.264390 4.742083 -1.925255
3.498439 5.698750 1.112995
10.294760 3.099275 1.776810
-12.016921 0.259033 -0.169848
-4.092484 5.665342 -1.284458
4.164701 5.585364 1.268210
8.457631 4.240356 2.029169
-11.817970 1.094100 -0.687297
-5.515002 5.321928 -1.659792
11.979446 0.190140 0.087946
-4.992340 5.445101 -1.551291
-9.074672 3.913888 -1.972688
-0.077386 5.986533 -0.001635
11.068458 2.310332 1.453329
4.666034 5.492393 1.448389
0.786097 5.955017 0.262971
-1.501471 5.945701 -0.509271
11.408764 1.836465 1.158397
5.756294 5.266060 1.683709
0.778695 5.975795 0.264482
8.923491 4.031471 2.000429
11.870629 1.008257 0.665710
11.607826 1.578715 0.976728
-0.375298 5.999482 -0.089633
11.975484 0.311962 0.197974
11.002849 2.408821 1.462548
7.151725 4.841466 1.925648
4.353587 5.587852 1.366802
2.315371 5.928351 0.748793
3.322839 5.793380 1.068019
11.697498 1.312262 0.852405
-11.439466 1.781068 -1.154877
-10.703413 2.697978 -1.579913
3.742179 5.695201 1.161978
-11.334268 1.968375 -1.234944
-11.011826 2.338277 -1.441922
-11.159075 2.198593 -1.364563
8.478615 4.256836 1.999209
-0.266318 5.981779 -0.097206
-11.940533 0.526240 -0.360054
-0.782125 6.007894 -0.277497
-10.315207 3.037267 -1.709746
-1.475444 5.980638 -0.512193
-11.283032 2.069791 -1.299286
-0.468595 6.007537 -0.151724
-9.137044 3.919846 -1.948695
11.223698 2.131831 1.320014
-3.584484 5.742413 -1.155880
11.948221 0.541914 0.344423
-3.868091 5.709807 -1.201264
-4.576299 5.574370 -1.416463
-11.722172 1.359154 -0.857536
10.454956 2.959140 1.734036
-11.733971 1.241907 -0.823985
-11.330644 2.022829 -1.276324
-2.365280 5.913046 -0.751037
11.668274 1.372264 0.877725
-11.761769 1.304748 -0.854159
-2.072254 5.940797 -0.682109
8.226700 4.347222 2.000992
-2.194857 5.840837 -0.728427
1.400168 5.930084 0.463781
11.458565 1.821474 1.158030
0.108128 5.991592 0.061892
11.868738 0.911098 0.599933
11.541425 1.612172 1.027854
-9.243768 3.826741 -1.959466
2.167633 5.905355 0.727164
-11.918310 0.583471 -0.378839
-8.696875 4.068333 -2.011318
10.126462 3.215384 1.769695
-2.993773 5.775910 -0.997578
-10.374548 3.009673 -1.716328
8.607901 4.150929 1.974009
0.704459 6.029851 0.244466
-11.919346 0.748846 -0.480267
3.879061 5.680063 1.233122
4.010599 5.676469 1.259386
6.763943 4.946700 1.853951
-9.364189 3.765593 -1.969593
-0.645475 6.001987 -0.231212
4.730904 5.508135 1.464572
-11.626839 1.415035 -0.890337
-11.708766 1.219021 -0.760149
-7.243655 4.782890 -1.920269
10.012708 3.277748 1.802986
-3.805616 5.654725 -1.170011
8.397274 4.255299 2.013906
-8.198901 4.413870 -1.942472
-3.732037 5.703104 -1.178333
-8.703035 4.155949 -2.013935
-3.376883 5.788677 -1.076398
-7.102443 4.837974 -1.929554
-11.888179 0.595719 -0.447415
0.292082 5.994408 0.103666
-11.677589 1.335171 -0.893134
5.103581 5.440330 1.550567
9.570936 3.654648 1.906157
-12.006142 0.093877 -0.071846
-6.018447 5.183956 -1.709188
11.657602 1.404150 0.933727
-11.148431 2.207318 -1.377330
-7.684873 4.666772 -1.966134
11.962074 0.356228 0.210773
0.046774 6.020669 -0.008158
-12.022711 0.019974 0.015205
3.398269 5.751583 1.098248
-11.842979 0.968996 -0.658660
2.294883 5.915336 0.750651
-9.755985 3.482169 -1.848716
-10.924489 2.473265 -1.523885
-3.199993 5.770208 -1.061854
-0.485614 6.007890 -0.206087
-9.235084 3.867927 -1.962931
6.140891 5.162401 1.786233
0.778454 5.973642 0.236264
1.706605 5.950332 0.544128
-10.736311 2.651044 -1.591589
-11.637516 1.482573 -0.930830
10.190022 3.139793 1.803827
-10.781857 2.628247 -1.556972
5.462767 5.335212 1.634323
2.369144 5.866768 0.777816
11.823198 1.018692 0.710686
-7.976145 4.474928 -1.985691
-2.235207 5.909097 -0.762453
5.247450 5.387735 1.580939
2.534854 5.889803 0.831598
-11.514786 1.694755 -1.056408
9.805219 3.457407 1.870337
1.848762 5.917382 0.606373
-0.995684 5.939604 -0.342133
-10.823439 2.642885 -1.579468
-11.734219 1.271944 -0.839435
8.258438 4.359835 1.987454
11.647521 1.489417 0.960838
10.231422 3.165489 1.813801
11.801287 1.046431 0.682984
4.781892 5.458446 1.427287
8.722487 4.138987 2.003014
12.022466 -0.015247 -0.035735
-10.781238 2.611337 -1.568034
-11.111530 2.257938 -1.389074
10.707971 2.724050 1.606813
8.289928 4.312737 2.010391
-11.990193 0.360420 -0.247089
-9.191990 3.805226 -1.985925
-1.138615 5.972054 -0.380964
5.929693 5.208892 1.754115
-2.011462 5.916734 -0.622399
-8.626288 4.174010 -1.988665
11.247779 2.072334 1.320780
11.190785 2.163166 1.349390
11.723202 1.319841 0.831685
8.412521 4.262620 2.006842
-11.492027 1.764044 -1.129801
11.798435 1.101688 0.741122
-2.657627 5.840856 -0.851518
-9.195545 3.865951 -1.994091
4.335633 5.583072 1.382590
-11.745993 1.273462 -0.826179
3.148816 5.764518 0.976716
-10.309628 3.096671 -1.752894
10.804964 2.577559 1.591169
-7.420611 4.722968 -1.949656
8.815729 4.089000 2.046049
2.536267 5.861494 0.820686
-2.394778 5.890343 -0.780102
-1.041498 5.995972 -0.372986
-11.926491 0.755045 -0.473084
-9.528838 3.629938 -1.924814
11.467658 1.754131 1.069173
-7.350444 4.740635 -1.946649
10.137975 3.235036 1.826264
4.919458 5.465795 1.513512
11.990575 0.465865 0.243768
11.134440 2.171594 1.341315
-7.661337 4.622917 -1.969366
5.463258 5.385986 1.648235
-11.943715 0.654758 -0.439261
-1.577263 5.964612 -0.535770
-10.280662 3.128511 -1.811245
-11.990993 0.156873 -0.115090
-11.962095 0.422370 -0.253951
0.434081 5.961119 0.164049
-2.931890 5.797353 -0.940992
10.905124 2.497926 1.493840
-5.430577 5.357526 -1.597772
5.187088 5.404390 1.586867
-9.274671 3.825436 -1.951927
-2.624676 5.828238 -0.876733
-2.006519 5.915262 -0.651201
-9.199201 3.807504 -1.934631
-10.431242 2.916298 -1.709182
-4.824889 5.502264 -1.435831
11.427044 1.807515 1.157453
0.238703 5.994694 0.069590
-11.208304 2.107184 -1.357094
-8.096031 4.389580 -1.977094
-3.465860 5.742851 -1.159117
11.783372 1.170710 0.765030
-11.951411 0.463154 -0.324587
11.976009 0.474367 0.316755
10.852778 2.535438 1.534884
11.696595 1.305556 0.826552
-4.400917 5.568774 -1.375246
0.634409 6.003389 0.188782
-11.746756 1.200244 -0.794736
-4.565244 5.558133 -1.395371
-2.380096 5.826877 -0.777136
11.959060 0.425944 0.295927
-11.851503 0.837444 -0.612721
1.738652 5.930788 0.593679
8.041172 4.431360 1.977441
-0.004867 6.009718 0.000347
-11.846467 1.039997 -0.687090
-8.654806 4.145427 -2.013896
11.371501 1.891607 1.197002
-1.977567 5.940809 -0.667981
2.828690 5.805518 0.947150
10.538999 2.831794 1.724806
-5.999789 5.187219 -1.718236
10.509115 2.890243 1.694062
-7.135926 4.811268 -1.902365
-3.960705 5.644345 -1.234683
8.946327 3.993166 2.006513
11.747725 1.286555 0.831605
-4.111244 5.623024 -1.303918
-3.819377 5.677039 -1.204928
6.459326 5.081959 1.782760
8.276464 4.370908 1.990730
-8.369953 4.302957 -2.004797
-2.179111 5.908041 -0.745084
1.820758 5.951356 0.662340
1.861460 5.944886 0.592311
-11.645613 1.437318 -0.934817
12.029419 0.267723 0.162562
-11.265590 2.055382 -1.302817
2.364682 5.904253 0.767142
11.959553 0.620207 0.420647
-7.127032 4.859724 -1.906440
10.520538 2.932647 1.683513
0.808299 5.988787 0.258217
2.764673 5.834526 0.890215
-11.736957 1.283098 -0.845656
-6.672180 5.009231 -1.857325
-11.266045 2.016108 -1.294278
-11.101079 2.335791 -1.408902
-6.363846 5.120113 -1.812047
-11.449796 1.802887 -1.114179
9.707227 3.495579 1.931046
-9.344534 3.729535 -1.970126
-5.397608 5.374876 -1.618692
-11.791527 1.088951 -0.707416
-5.869851 5.252820 -1.721200
-6.958209 4.911208 -1.843001
-1.004865 5.971786 -0.319324
-5.685611 5.315593 -1.671227
-2.488950 5.841903 -0.827434
10.169212 3.192686 1.807747
11.030976 2.325909 1.457359
-1.608660 5.955710 -0.485673
-2.396765 5.873127 -0.762078
-10.224686 3.129233 -1.796013
-9.514832 3.711526 -1.950701
-9.289679 3.798665 -1.947555
-5.514278 5.317913 -1.623775
5.490010 5.280049 1.606423
11.980598 0.055858 0.049139
-11.272744 2.007668 -1.295414
-7.578033 4.654609 -1.959361
-11.712580 1.295936 -0.845690
-7.361925 4.756296 -1.938202
11.990991 0.175446 0.109196
11.170053 2.190997 1.347985
10.145585 3.236059 1.791037
5.668730 5.284960 1.657824
0.041296 5.972231 -0.008429
8.887001 4.024931 2.007419
-12.003251 0.033216 -0.073239
11.949542 0.540743 0.304986
2.521651 5.834519 0.826284
3.923038 5.674889 1.219746
-8.633373 4.215833 -1.964672
1.879830 5.891023 0.616891
11.392151 1.826054 1.169957
5.710235 5.264977 1.649914
-6.461061 5.059344 -1.803451
-10.883052 2.524444 -1.471560
-11.334079 1.966122 -1.251706
8.106467 4.431054 1.984971
-11.280709 2.021641 -1.280966
-11.661383 1.452115 -0.913403
1.496023 5.957959 0.493787
2.679622 5.858155 0.892237
4.309121 5.598473 1.341630
-6.013625 5.202100 -1.758684
-11.932968 0.387113 -0.247349
-7.247469 4.770218 -1.913090
-0.475940 6.000110 -0.151385
7.221460 4.821400 1.929460
-11.784788 1.088874 -0.724105
-4.200993 5.614579 -1.301732
-10.786638 2.657153 -1.615768
-1.919825 5.913933 -0.639218
7.936226 4.491760 1.952844
-9.693833 3.538478 -1.898264
-11.989789 0.467216 -0.318105
5.063195 5.449390 1.506721
-9.341017 3.783103 -1.952615
4.463413 5.568352 1.367554
-9.726629 3.507966 -1.902560
9.753313 3.485560 1.899923
-7.743289 4.607513 -1.965470
-11.634469 1.485962 -0.987495
6.127897 5.162470 1.762965
11.917677 0.650150 0.450281
-11.786744 1.116774 -0.740569
-2.306418 5.905350 -0.761548
8.716810 4.124086 2.003745
11.877359 0.802564 0.498557
5.593923 5.293650 1.662982
-2.547778 5.890824 -0.852860
-0.550149 5.999480 -0.210026
6.587893 5.010999 1.821263
-4.267776 5.619336 -1.350900
-9.052653 3.937609 -1.956808
3.551802 5.728660 1.132335
-7.774827 4.546196 -1.957797
-11.806637 1.159387 -0.757213
11.441218 1.830649 1.171769
9.459704 3.671996 1.938207
-5.015611 5.456399 -1.538837
-7.790549 4.515180 -1.939549
-11.106002 2.257036 -1.409733
6.520548 5.033043 1.830175
-10.157657 3.185495 -1.795478
-11.939355 0.319674 -0.201784
10.828612 2.575564 1.563573
-11.799811 1.108002 -0.731586
-11.027725 2.295263 -1.441619
6.900521 4.912211 1.886997
-4.218772 5.577175 -1.302588
-4.255285 5.608706 -1.281883
11.123067 2.272063 1.403540
4.622677 5.524491 1.412931
5.847235 5.249433 1.692064
-9.271578 3.806230 -1.931752
-11.959135 0.704425 -0.482968
11.897437 0.929140 0.638139
-10.358775 3.062814 -1.758541
-3.701919 5.675875 -1.163913
-8.146983 4.390069 -1.940827
-7.433475 4.704763 -1.920924
-9.237850 3.823051 -1.970762
-8.186975 4.409405 -2.026099
3.396508 5.778838 1.119710
-11.630189 1.481408 -0.927242
7.697670 4.608592 1.939888
-10.630166 2.786882 -1.647812
-4.100646 5.627231 -1.283395
11.663554 1.403019 0.891782
-1.819971 5.949807 -0.610725
10.637522 2.729062 1.627823
-10.091256 3.262894 -1.858209
-5.829753 5.226880 -1.701851
-6.991817 4.835658 -1.916404
-11.483615 1.770279 -1.124772
-11.698685 1.337564 -0.804343
-8.723359 4.126448 -2.033682
-11.598641 1.577260 -0.984788
-11.904446 0.678935 -0.470045
-10.408978 3.009275 -1.691221
11.569172 1.540923 0.976907
8.815135 4.119496 1.998029
-9.614489 3.598139 -1.868920
7.064755 4.842547 1.908304
-7.299954 4.735285 -1.932137
4.841180 5.498148 1.465638
-4.305395 5.586328 -1.360264
-12.006381 0.053020 -0.059611
-9.599997 3.552585 -1.928469
4.577391 5.498673 1.438525
11.792508 1.117123 0.747632
-6.906947 4.921688 -1.858916
0.436600 6.029199 0.140287
-11.848281 1.019434 -0.672807
-9.546141 3.638013 -1.924284
-4.188242 5.602079 -1.311161
-2.861512 5.838395 -0.928239
-6.406628 5.087953 -1.834042
-4.678656 5.528856 -1.420302
9.187526 3.876945 1.984689
-10.508060 2.873590 -1.676284
6.825441 4.914925 1.856557
10.039549 3.265251 1.808329
5.185546 5.452784 1.565361
-2.217024 5.886302 -0.737396
4.059288 5.632924 1.244856
11.663373 1.415758 0.903530
-3.059705 5.772581 -0.991744
-8.286653 4.305632 -1.986467
-11.555764 1.623494 -1.032326
11.932214 0.398983 0.293329
7.180971 4.840823 1.927568
9.526452 3.677733 1.909936
1.639766 5.979869 0.545081
11.001485 2.381410 1.475787
2.490474 5.861836 0.814708
-5.693262 5.293330 -1.677956
9.990236 3.341048 1.846348
-9.036691 3.938473 -1.965941
11.720771 1.309591 0.877162
1.031926 5.949701 0.407873
-4.818310 5.522611 -1.463069
-11.545327 1.657034 -1.031107
5.256957 5.422940 1.569878
11.763411 1.204306 0.783332
-9.996031 3.347880 -1.820723
-11.141675 2.221676 -1.395206
2.338601 5.844957 0.767805
-9.729422 3.553852 -1.921341
-11.419323 1.872012 -1.148837
11.033403 2.351332 1.444132
-11.194863 2.200859 -1.340764
11.979312 0.217151 0.129795
3.660396 5.755113 1.205037
2.516390 5.924754 0.815223
-9.316779 3.728741 -1.935203
-11.384553 1.825051 -1.132921
-11.812517 1.080735 -0.697933
-5.624968 5.298734 -1.669581
-11.509594 1.725424 -1.130732
-9.698485 3.511411 -1.891885
11.623169 1.508025 0.942312
-10.873273 2.531846 -1.574732
6.361188 5.125103 1.796888
-0.165142 5.997698 -0.038193
11.644603 1.427936 0.970065
-7.370365 4.730475 -1.965589
-2.846322 5.832714 -0.924680
-2.974509 5.797574 -0.933296
-6.406326 5.046802 -1.806673
1.122778 5.952418 0.369768
9.767649 3.511389 1.880428
5.376541 5.369925 1.615431
7.911580 4.467067 1.963101
9.445361 3.684613 1.922309
11.002297 2.444509 1.457289
7.771577 4.613017 1.987256
6.398435 5.087724 1.799430
-7.334829 4.743578 -1.937766
-11.569388 1.650637 -1.050171
8.564379 4.198581 1.981742
-2.541162 5.871118 -0.854634
-7.835806 4.555614 -1.972129
8.400911 4.264421 2.027609
0.455957 6.038900 0.154897
-11.378560 1.912799 -1.213295
-8.420417 4.280782 -2.010403
4.452038 5.554776 1.400212
1.921566 5.917117 0.645105
4.182496 5.648247 1.313586
1.760972 5.916626 0.575240
-9.884481 3.395166 -1.846562
9.706179 3.537034 1.909611
-2.686873 5.856288 -0.903303
4.656142 5.522253 1.427021
-6.082316 5.146209 -1.752948
-2.620477 5.828503 -0.814483
11.958686 0.308054 0.233514
-9.400181 3.738802 -1.976709
-2.738876 5.848368 -0.881234
2.770071 5.849573 0.873845
11.863755 0.948936 0.601904
11.779507 1.114362 0.707780
-10.929269 2.472880 -1.523279
-3.342166 5.750525 -1.043250
2.407806 5.888149 0.781336
-11.100895 2.273933 -1.426071
1.991151 5.888488 0.627255
11.986477 0.427175 0.291302
-6.096073 5.126260 -1.762857
-0.771590 6.011195 -0.235777
-4.955393 5.478104 -1.496929
-0.853210 5.985103 -0.275565
9.702377 3.502160 1.880262
3.559176 5.757111 1.128245
-8.879943 4.031182 -1.960496
-2.048513 5.946364 -0.666709
-5.891999 5.223035 -1.709364
-9.659077 3.585616 -1.890993
-9.153195 3.907041 -2.002036
7.464294 4.680161 1.916968
6.476329 5.054413 1.851732
6.694224 4.975004 1.873007
3.956337 5.687655 1.247928
-8.033196 4.446316 -1.960395
-11.014693 2.392104 -1.456811
11.127342 2.205314 1.380891
7.095776 4.833259 1.876572
-6.192213 5.162939 -1.800969
-1.379603 5.974210 -0.438702
-9.391595 3.736528 -1.972624
-3.430390 5.740119 -1.098826
-11.380256 1.923356 -1.255600
-8.810504 4.069648 -1.983973
1.899112 5.893939 0.610928
2.230339 5.920169 0.746675
9.587007 3.609912 1.889209
-9.926447 3.331139 -1.834172
-11.881481 0.901835 -0.601453
-11.406882 1.867081 -1.165500
-2.558636 5.884940 -0.834444
-11.124410 2.291222 -1.423288
11.898763 0.847511 0.565587
6.476967 5.041468 1.794637
11.769926 1.120127 0.755403
-0.769131 5.957630 -0.262371
11.626083 1.422063 0.894926
-1.309909 5.960044 -0.454424
11.025634 2.354456 1.420921
-11.263769 2.046688 -1.313743
-10.348827 3.045597 -1.767072
4.170187 5.603897 1.308388
-5.766981 5.253234 -1.705351
-5.801860 5.266723 -1.741837
-3.082906 5.809478 -0.995979
-11.209159 2.099401 -1.301405
-5.622805 5.272578 -1.677783
2.588459 5.860441 0.851285
4.725875 5.529346 1.446632
9.707503 3.533697 1.939172
11.954142 0.646292 0.468901
8.112629 4.422138 1.983414
-3.754339 5.703602 -1.176720
-8.198232 4.385781 -2.003273
11.980316 0.020348 0.029046
-11.847975 0.896516 -0.579657
-11.569392 1.628025 -1.057893
-5.065794 5.453846 -1.502231
-11.984363 0.618355 -0.356486
11.840090 1.014377 0.658093
8.478112 4.245031 2.005967
11.441126 1.855415 1.208969
-8.050904 4.417698 -2.002547
-11.373841 1.911126 -1.212684
-11.872024 0.846626 -0.593868
-4.431331 5.559022 -1.382682
3.332484 5.762520 1.083368
11.138417 2.221399 1.356911
9.815425 3.408838 1.855460
4.837080 5.490373 1.437664
9.024118 3.954329 1.959950
-11.991574 0.475354 -0.314599
9.472879 3.677123 1.932988
11.888501 0.750816 0.466859
10.613137 2.834702 1.634081
11.894569 0.576614 0.356907
11.966609 0.545382 0.320056
11.045007 2.329600 1.435334
-9.361288 3.805908 -1.969112
-6.747657 4.947053 -1.861897
11.643948 1.382921 0.914189
-0.467423 5.978047 -0.204226
-2.104319 5.946726 -0.685643
-10.423469 2.973933 -1.704647
-1.819980 5.946775 -0.604054
-11.937633 0.683689 -0.435948
-11.750874 1.062867 -0.708051
-6.052346 5.166430 -1.757344
-8.107395 4.432508 -1.988300
-8.787695 4.088435 -2.005205
-12.011796 0.234302 -0.170650
-2.949677 5.861124 -0.941400
10.419183 2.974781 1.707208
3.239881 5.818662 1.050654
-3.186931 5.790654 -1.060601
7.176549 4.794478 1.944746
9.284294 3.821382 1.945318
-7.910975 4.532589 -2.000990
-11.727664 1.332504 -0.851109
-4.424008 5.592466 -1.355328
4.237448 5.631098 1.324285
-11.934513 0.515623 -0.329166
-7.319513 4.757428 -1.965597
-11.992476 0.447730 -0.300818
-11.822971 1.085791 -0.710062
1.448971 5.977474 0.455941
-3.299931 5.806223 -1.037296
3.782043 5.658823 1.178693
-0.557468 6.028954 -0.202679
-4.353378 5.602091 -1.359747
7.189009 4.810166 1.918833
2.714975 5.841301 0.899268
-10.295528 3.043243 -1.760912
-7.881695 4.546332 -1.985347
10.574963 2.836037 1.677955
11.121606 2.274772 1.423097
-10.318458 3.047211 -1.750557
5.495718 5.319045 1.638156
-11.688603 1.363337 -0.861829
6.617594 5.040226 1.846246
11.295752 1.997986 1.249477
-11.362515 1.902071 -1.179162
3.171468 5.794524 1.029178
-4.466832 5.576654 -1.368258
6.471465 5.078161 1.815382
-4.495835 5.551382 -1.395179
-7.875058 4.525756 -1.981864
-11.984095 0.445015 -0.249689
11.848542 1.011454 0.650828
-11.789917 1.047349 -0.684820
-2.081809 5.886569 -0.717854
10.732025 2.716821 1.596325
-11.946653 0.658972 -0.425230
-9.282762 3.825232 -1.961609
9.734270 3.518309 1.896224
-6.986337 4.890434 -1.956905
-11.074232 2.278150 -1.399179
3.950280 5.657412 1.196748
11.859028 0.996465 0.641631
11.960519 0.669386 0.420835
11.945837 0.617892 0.422580
-11.929537 0.574154 -0.347226
-0.705988 5.972497 -0.215523
11.975804 0.499093 0.361512
11.916050 0.816326 0.530940
-4.787822 5.507740 -1.447525
-9.104691 3.874344 -1.954466
-11.111733 2.236339 -1.383828
11.098876 2.272977 1.385800
0.423771 6.001364 0.057946
7.920024 4.493798 2.011173
-11.487877 1.744398 -1.102343
-11.359420 1.965268 -1.251036
10.465907 2.935102 1.699577
-12.017209 0.094339 -0.048680
-1.028165 5.944051 -0.358647
-11.295468 1.993533 -1.276303
10.867464 2.528255 1.531620
7.882717 4.530235 1.966575
11.001285 2.389065 1.451684
3.781798 5.678459 1.245455
-4.456592 5.599346 -1.372781
5.886988 5.221731 1.700713
8.026846 4.440934 1.973179
-9.411358 3.722444 -1.970165
-8.888574 4.031599 -1.991379
-6.101180 5.194934 -1.717951
-5.270686 5.397300 -1.583650
-11.957033 0.491675 -0.336897
-11.886656 0.828844 -0.554194
-5.983694 5.196958 -1.739229
5.478364 5.332938 1.616438
1.514699 5.948883 0.479288
-6.224926 5.134640 -1.777854
-10.072186 3.273354 -1.794862
4.492348 5.553430 1.415967
-7.324044 4.744766 -1.901674
-7.662182 4.613611 -1.971396
-1.195586 5.954952 -0.384658
-4.124281 5.629142 -1.323135
-11.851839 0.979224 -0.597372
8.668839 4.109423 1.987508
-10.912048 2.480187 -1.526479
-9.080508 3.948161 -1.959808
11.001995 2.423844 1.486609
8.408207 4.287733 2.015801
8.615530 4.166548 2.020690
-0.677548 6.001071 -0.226927
5.573259 5.296867 1.632526
-1.879617 5.925359 -0.647136
-2.095928 5.909660 -0.646272
-11.997134 0.156964 -0.082638
-0.019175 5.968820 -0.022574
-11.479830 1.730284 -1.044944
-11.890755 0.904089 -0.654585
-10.840533 2.589582 -1.536974
-9.833789 3.412269 -1.858795
-9.343977 3.780969 -1.970431
4.045479 5.628317 1.284072
-8.705683 4.178383 -1.979739
-10.427066 2.973714 -1.736495
1.983304 5.946975 0.667248
-7.181340 4.791447 -1.917647
8.887630 3.985070 2.013522
10.860730 2.567193 1.522793
-11.898565 0.715967 -0.500175
-2.194488 5.911753 -0.702172
-10.208448 3.172591 -1.774902
-11.857153 0.892325 -0.580052
-6.830012 4.931801 -1.880201
-8.960362 3.970305 -1.981131
8.463029 4.233707 1.985563
-7.920335 4.503763 -1.964315
-11.131761 2.220083 -1.368707
8.835095 4.046879 1.978106
11.135418 2.239412 1.387748
-9.168428 3.848944 -1.964946
11.964478 0.387482 0.217083
10.960937 2.396379 1.454788
5.446067 5.348259 1.639192
9.638079 3.542631 1.865962
-11.881041 0.929476 -0.594317
-1.303859 5.928402 -0.413162
7.588572 4.611377 1.928082
11.983583 0.392282 0.250089
-1.910372 5.925442 -0.664606
-1.488716 5.940556 -0.522719
5.348939 5.355605 1.592313
-0.581567 5.974542 -0.246594
-0.685235 5.984302 -0.218335
9.689624 3.517872 1.906743
-11.269856 2.035006 -1.280273
2.153894 5.897300 0.694258
4.590749 5.543941 1.387604
10.355131 3.023773 1.733837
8.825603 4.063495 1.986407
-5.305112 5.390754 -1.582342
7.208168 4.815196 1.891412
9.673151 3.562679 1.893318
-0.532575 5.990482 -0.197459
-8.385997 4.292824 -2.017368
8.533804 4.226261 1.996277
5.855227 5.278454 1.695756
11.995560 -0.007177 0.001200
0.684188 5.992871 0.221218
-11.242560 2.135280 -1.328261
-11.454169 1.739813 -1.089373
-9.639713 3.610650 -1.918000
9.569660 3.607273 1.944181
5.993686 5.195403 1.730895
11.627693 1.558109 0.982443
-1.923873 5.911608 -0.623230
-6.005041 5.224531 -1.721647
9.065735 3.957903 1.977534
-11.531792 1.619754 -1.051230
-2.264914 5.902937 -0.752452
8.353634 4.289901 2.001888
6.455770 5.033752 1.809520
-6.258405 5.109621 -1.727640
4.486381 5.523295 1.383296
10.367481 3.055091 1.754035
1.060131 5.983336 0.366255
9.491797 3.724928 1.968705
-6.539307 5.035288 -1.834490
2.811900 5.810290 0.913192
8.104183 4.421702 2.017453
10.629521 2.756757 1.641064
11.151955 2.185036 1.349273
10.946913 2.469826 1.513716
4.723489 5.501274 1.454158
4.085740 5.625234 1.303972
-9.209654 3.851348 -2.029869
5.850502 5.213563 1.705573
11.973256 0.497811 0.335290
7.448295 4.687607 1.959385
11.751634 1.247732 0.823018
5.970495 5.209021 1.710733
-0.029193 5.981152 -0.003653
7.748446 4.582458 1.947644
11.502738 1.764985 1.070587
-3.416180 5.737871 -1.107290
-9.977717 3.356848 -1.845729
-9.844801 3.428695 -1.867415
4.076829 5.684293 1.249601
1.826221 5.982437 0.631933
-10.343463 2.998868 -1.727803
-2.806971 5.832707 -0.876563
7.119553 4.820417 1.926575
-10.862250 2.562944 -1.540748
-11.947426 0.537977 -0.355872
-9.992203 3.329299 -1.858662
-5.285743 5.404629 -1.595861
-11.500697 1.670733 -1.083198
-11.323095 2.012962 -1.291305
3.680117 5.699636 1.167633
-11.278952 2.023186 -1.278196
-6.935811 4.904722 -1.905963
6.517067 5.024283 1.795910
-9.351091 3.760898 -1.954937
7.726514 4.591737 1.960032
11.765138 1.229943 0.811973
10.748092 2.672693 1.602807
11.839647 0.879660 0.567010
11.760852 1.280076 0.796692
9.920025 3.378566 1.832216
11.225521 2.116223 1.349428
1.713322 5.933914 0.514020
10.666340 2.787265 1.648812
-8.901445 4.005166 -1.985951
-5.213028 5.435775 -1.557816
8.287367 4.353216 1.999733
-11.735199 1.290873 -0.846009
11.548603 1.676059 1.076798
8.642801 4.156297 2.026242
4.794665 5.504234 1.441839
-11.390230 1.891533 -1.222719
-2.267965 5.904322 -0.733791
-6.736772 4.955880 -1.846096
-5.985691 5.203440 -1.787925
-11.194357 2.174076 -1.357649
7.653780 4.597243 1.978252
-9.306218 3.807869 -1.989279
11.918425 0.845248 0.569567
9.161009 3.838677 1.989402
3.313416 5.763129 1.087267
5.948049 5.210092 1.692920
11.626453 1.483941 0.970197
-11.728301 1.259317 -0.831910
-7.647701 4.625287 -1.939447
2.887665 5.829132 0.946813
7.073422 4.839518 1.921677
11.537941 1.620317 1.035455
-10.299703 3.049453 -1.738828
8.129139 4.423285 1.997345
-11.817472 0.994080 -0.709696
7.705027 4.583651 1.955260
-11.966400 0.277143 -0.162405
-10.288024 3.047042 -1.742158
-7.287061 4.771350 -1.927016
-11.945587 0.283159 -0.214713
0.719229 6.019548 0.240536
5.392635 5.348104 1.621804
11.464801 1.740544 1.130348
-10.919387 2.443902 -1.517429
11.065733 2.260084 1.387964
11.670792 1.460387 0.922834
-3.051097 5.829515 -0.959328
11.664677 1.322727 0.845835
10.725948 2.711285 1.590196
6.970586 4.862240 1.864585
7.948873 4.505049 1.994009
11.396061 1.900181 1.179305
0.189728 5.988516 0.053119
5.069683 5.425589 1.533306
2.730537 5.818788 0.873502
-5.480188 5.364994 -1.613789
8.587785 4.188636 2.010148
-10.761000 2.667564 -1.608223
11.425077 1.865036 1.158114
4.281434 5.579975 1.333355
-6.805332 4.964159 -1.867377
-4.458379 5.558796 -1.380429
-7.329496 4.779259 -1.932404
-11.829763 1.049511 -0.663987
3.500495 5.756217 1.122336
2.353313 5.893348 0.773231
-11.871905 0.881043 -0.543938
8.899267 4.019481 1.986861
11.429349 1.782925 1.161478
-7.109057 4.838352 -1.897826
-10.514765 2.890681 -1.694447
8.358377 4.331572 2.009123
11.825383 1.061787 0.713264
-6.316004 5.107932 -1.774394
-11.202334 2.142554 -1.361585
-10.994196 2.430109 -1.470954
11.095888 2.227564 1.367195
4.832992 5.555800 1.454192
-1.207743 6.007735 -0.379314
11.645064 1.409727 0.903933
6.998545 4.874496 1.915424
5.105268 5.449364 1.544547
8.670342 4.137983 2.008730
0.665545 5.964428 0.237326
-1.309299 5.960374 -0.372661
-4.622422 5.539376 -1.398127
-10.310310 3.060966 -1.767022
6.819988 4.938039 1.851947
-2.188564 5.890457 -0.684111
10.716158 2.766432 1.591655
-3.121237 5.787742 -1.029048
11.060876 2.324877 1.401160
-7.032771 4.828667 -1.857474
9.568731 3.605339 1.954147
2.177615 5.881241 0.731333
-11.486860 1.747883 -1.079144
9.817616 3.429660 1.862447
11.058101 2.333468 1.441530
-7.994004 4.451166 -1.961265
-3.360375 5.736411 -1.058047
-11.123191 2.246843 -1.370651
10.681821 2.720173 1.634168
-11.921161 0.712649 -0.460957
-4.843247 5.508987 -1.480931
-11.804675 1.040556 -0.690675
9.964745 3.332518 1.829520
-10.899292 2.524698 -1.534029
-5.023054 5.397365 -1.499117
-2.619710 5.835467 -0.868180
-11.452844 1.821151 -1.150581
-11.328463 2.008686 -1.239537
-11.702080 1.265034 -0.794001
-11.594206 1.548692 -1.022619
2.907615 5.809434 1.027752
-2.605879 5.868762 -0.832647
-11.304650 2.018049 -1.262817
10.509222 2.874887 1.684827
11.907240 0.684198 0.415086
10.276997 3.081311 1.765034
0.693354 5.975670 0.213931
8.755464 4.133594 1.977286
-1.892036 5.910008 -0.590829
7.425795 4.714898 1.972497
8.703401 4.091052 2.018017
8.276244 4.309758 1.998434
9.510482 3.689057 1.928739
-12.001530 0.119793 -0.099493
4.760156 5.523757 1.497031
6.481108 5.036286 1.842903
11.873501 0.901164 0.586342
2.296164 5.872097 0.746847
-8.425079 4.280666 -1.995470
9.602422 3.580516 1.889944
-11.819973 0.946381 -0.616391
-7.741017 4.602998 -2.007900
-9.686222 3.520004 -1.914770
-2.906880 5.804656 -0.942151
-10.312974 3.039899 -1.752129
10.069069 3.271236 1.806859
0.204536 5.995747 0.056440
11.967315 0.551099 0.339652
-2.100697 5.910395 -0.711767
5.729208 5.280326 1.698157
-2.245697 5.903185 -0.705814
-11.151392 2.255491 -1.383243
3.329213 5.762431 1.058519
-1.882217 5.910722 -0.604828
-11.922656 0.637570 -0.384336
-3.555266 5.725007 -1.134668
-10.333427 3.107971 -1.778446
-6.784435 4.948216 -1.820711
9.480802 3.668224 1.936438
-11.519767 1.671212 -1.036973
5.225405 5.417142 1.551712
-10.859514 2.541962 -1.548327
2.187676 5.914117 0.694669
8.975660 3.974060 1.973052
-5.026907 5.451872 -1.533693
9.403823 3.758813 1.963967
-7.583129 4.663108 -1.940963
11.964265 0.739557 0.464604
-4.091671 5.584887 -1.277921
-7.505023 4.683454 -1.982382
9.412017 3.700424 1.913400
11.754459 1.164597 0.743840
-4.469380 5.577821 -1.415918
-11.754958 1.276354 -0.812886
-11.760194 1.214685 -0.783987
9.093516 3.907408 1.985130
-11.887344 0.536579 -0.331931
10.118095 3.225402 1.827899
-0.464878 5.979870 -0.197109
10.437974 2.928210 1.704820
-9.363103 3.748795 -1.941828
-11.678271 1.375573 -0.929459
6.231635 5.110525 1.789893
-11.873682 0.794461 -0.532850
-5.880421 5.241820 -1.731134
-8.356781 4.297230 -1.955977
-9.325651 3.761285 -1.952869
-11.813664 0.891184 -0.574776
-5.979398 5.186833 -1.736686
-6.187384 5.116463 -1.761110
8.171712 4.382815 2.005763
-11.611939 1.578019 -0.993300
-8.980883 4.017699 -1.994390
-11.789487 1.076898 -0.719246
-4.948897 5.483009 -1.522138
8.962795 3.970602 1.981150
-5.113898 5.430548 -1.572273
-2.056531 5.891202 -0.683435
10.122509 3.238869 1.792432
6.773588 4.946287 1.889989
-11.914229 0.517555 -0.347487
-12.003428 0.251842 -0.180469
-1.355750 5.977154 -0.454184
4.477855 5.554965 1.390540
-7.635817 4.614656 -1.965194
11.958250 0.682434 0.456457
-11.754796 1.247557 -0.842742
2.234170 5.884388 0.747466
11.604210 1.489118 0.976792
3.541394 5.737318 1.093784
-8.600391 4.215972 -2.030955
11.968260 0.397320 0.251422
-11.188519 2.156895 -1.328557
4.889955 5.423467 1.485272
0.734754 5.984995 0.244459
6.389965 5.109162 1.840190
-3.523519 5.766355 -1.122674
5.423594 5.359717 1.564032
6.263462 5.093651 1.786326
-1.182482 5.946594 -0.379675
3.643287 5.693083 1.159646
-11.112726 2.308654 -1.378439
5.801804 5.247843 1.707012
11.141850 2.219665 1.379341
-6.587300 4.993444 -1.839402
-8.942802 4.005216 -1.998309
-11.752612 1.206996 -0.775838
4.487874 5.551901 1.403801
1.881162 5.929627 0.572844
-7.986229 4.491327 -1.958968
2.531665 5.874800 0.803079
-12.014389 0.057969 -0.044206
0.784907 6.011239 0.268649
10.245058 3.104022 1.759743
-9.454908 3.690021 -1.942947
11.328119 2.005998 1.263173
5.513953 5.325524 1.649516
10.349577 3.024101 1.764324
-9.143239 3.877003 -1.978851
-10.321733 3.065147 -1.754543
-8.673363 4.153493 -1.992693
2.642951 5.865081 0.877903
-8.993913 3.969248 -1.984964
-11.440610 1.792235 -1.133158
6.255489 5.122690 1.740729
5.659908 5.297978 1.690399
-10.678345 2.754995 -1.637759
-10.705247 2.702575 -1.590777
5.993764 5.208561 1.732151
-3.884123 5.684274 -1.253570
-4.150902 5.627913 -1.321387
11.982810 0.383795 0.255690
-3.738734 5.690172 -1.204272
-11.293872 2.042564 -1.279101
-9.872702 3.414933 -1.875261
-9.865323 3.394684 -1.864365
-11.455697 1.785415 -1.120004
-4.457710 5.567520 -1.384604
-9.669798 3.524241 -1.927301
-11.890104 0.744611 -0.477833
-10.319055 3.092499 -1.768406
-3.094785 5.807851 -1.019764
4.302849 5.641655 1.320448
-2.674158 5.843855 -0.867585
-10.344744 3.032417 -1.778180
-11.893350 0.733627 -0.460002
11.229295 2.112998 1.314319
-5.844050 5.254606 -1.681013
-0.458208 5.984442 -0.108017
7.894610 4.522870 2.001463
9.379530 3.728147 1.948105
-10.282051 3.090230 -1.783340
9.703908 3.539624 1.906066
-11.508641 1.644199 -1.056266
-5.841723 5.253275 -1.696957
10.673844 2.791684 1.622035
-8.876211 4.021121 -1.957749
-0.571060 5.955475 -0.174498
-1.958607 5.904320 -0.647475
-10.511901 2.891624 -1.677956
-11.981679 0.322947 -0.200254
4.421895 5.565713 1.397194
-7.305264 4.735027 -1.883530
11.389999 1.915981 1.180875
-0.798362 5.951995 -0.274975
-1.081564 5.949425 -0.386339
11.742314 1.219116 0.787837
2.551539 5.867534 0.828840
-8.417615 4.281831 -2.010608
11.881107 0.739296 0.531374
6.811268 4.911253 1.832936
-6.116323 5.181214 -1.680923
11.309451 1.974906 1.250180
-8.857006 4.025585 -1.991247
0.636991 5.995570 0.229741
-11.878450 0.844761 -0.584053
-5.971800 5.202150 -1.742265
-1.242135 5.999091 -0.404716
-11.376365 1.925505 -1.216328
-2.080920 5.917425 -0.664790
7.245764 4.767554 1.940439
-3.566738 5.708267 -1.197415
9.187118 3.871491 1.956223
2.462532 5.894158 0.820434
3.592950 5.739264 1.150680
-12.011775 0.164135 -0.136048
-1.327012 5.972230 -0.436845
7.434452 4.707168 1.937574
9.063697 3.928381 1.987160
-9.930833 3.357159 -1.831512
-5.095273 5.456960 -1.554422
11.942294 0.309155 0.233203
2.274552 5.891219 0.776673
11.676170 1.407304 0.894267
-8.778898 4.058203 -1.997699
-11.830281 1.081651 -0.703785
-10.397232 3.018220 -1.716677
9.001115 3.940687 1.984226
10.059191 3.252918 1.828316
-10.012831 3.316903 -1.826557
-11.938120 0.338003 -0.188978
11.866899 0.828458 0.580696
11.953027 0.530322 0.384746
-9.442723 3.664601 -1.940779
-4.885230 5.502866 -1.491536
-12.037221 0.055296 -0.076331
-3.345005 5.781148 -1.108581
-0.150434 5.972248 -0.078956
-3.186540 5.802101 -1.005659
-9.386794 3.722520 -1.960962
-11.335192 1.895579 -1.222168
-11.281854 2.027703 -1.310475
-5.454231 5.321581 -1.638052
7.753048 4.538491 1.986838
11.096607 2.264776 1.434985
-5.159985 5.419164 -1.561743
-4.856243 5.522177 -1.480264
10.316794 3.039072 1.789103
1.765823 5.921002 0.599267
-5.715623 5.274216 -1.666456
-0.137828 5.992086 -0.062430
-5.550710 5.313432 -1.636509
-2.887613 5.821572 -0.915475
11.872366 0.774324 0.526741
-7.734832 4.595438 -1.993209
6.143331 5.147726 1.736550
-1.734727 5.934994 -0.554718
-3.596824 5.719544 -1.141882
11.300137 2.070846 1.292065
-8.186418 4.374975 -2.014986
-1.051832 5.966432 -0.370282
9.827765 3.430559 1.847291
9.193694 3.849722 1.974397
-3.887235 5.650854 -1.202240
-10.323731 3.081896 -1.714548
-10.512233 2.904832 -1.660752
1.053255 5.984093 0.371003
7.903514 4.522659 2.000407
3.332842 5.761196 1.075038
-2.444688 5.900755 -0.803265
-8.888516 4.034846 -1.977594
11.943337 0.571239 0.369609
-1.908252 5.935795 -0.641232
-5.939218 5.197495 -1.733625
11.733926 1.184674 0.760504
-11.976095 0.534230 -0.351462
-11.895173 0.833234 -0.513904
-11.218366 2.180774 -1.360480
-11.763778 1.236075 -0.757797
10.627571 2.782588 1.674224
-11.570993 1.583853 -1.045624
6.421284 5.091835 1.803168
4.822329 5.498419 1.451440
11.812098 1.060697 0.726438
-11.559811 1.663367 -1.061286
-6.026818 5.209770 -1.755201
-11.666725 1.412215 -0.867720
-12.011834 0.036196 -0.060884
-7.898607 4.509222 -1.976178
-4.005257 5.642507 -1.216784
-3.321838 5.764315 -1.084962
10.430999 2.995545 1.695095
1.387732 5.937349 0.510787
-3.127496 5.805542 -1.003236
2.401100 5.891754 0.812844
-11.108116 2.303428 -1.394589
1.337166 5.947179 0.460184
11.857709 0.985504 0.631612
9.363279 3.757590 1.986687
-1.890426 5.925988 -0.641135
-8.183396 4.376365 -1.972249
-11.384364 1.888908 -1.188931
2.915049 5.825815 0.967121
-6.595259 4.996332 -1.830652
11.235007 2.084706 1.310921
3.314751 5.758600 1.066466
5.773842 5.240333 1.663131
-11.997989 0.073033 -0.033512
10.728780 2.695184 1.608418
-4.475052 5.558947 -1.389171
-7.963962 4.485616 -1.994893
11.985040 0.138844 0.147005
-0.175482 6.012817 -0.078812
-10.817301 2.617047 -1.571892
7.324176 4.753976 1.921956
-4.959770 5.475063 -1.495472
-3.519763 5.746969 -1.100326
-11.816942 0.993877 -0.640824
-10.926267 2.504823 -1.487130
8.577097 4.188177 1.965843
7.966457 4.490261 1.981602
-7.217762 4.797786 -1.954798
-11.907594 0.675395 -0.419619
10.144221 3.143549 1.787303
-11.834533 0.970043 -0.631906
-10.051116 3.295336 -1.817090
7.762889 4.557258 1.976013
-1.786084 5.911709 -0.583690
5.333249 5.402016 1.568250
9.429239 3.700496 1.943287
1.885376 5.936653 0.617198
9.834845 3.503565 1.850277
9.770627 3.522273 1.884404
-1.969719 5.924908 -0.617561
-6.629391 5.014232 -1.836654
11.208472 2.194605 1.346838
-4.776981 5.508667 -1.469614
-11.826637 1.078779 -0.692397
-10.135894 3.206127 -1.801426
-9.401737 3.690173 -1.970557
9.419177 3.728494 1.951988
11.672728 1.346729 0.893173
5.126534 5.417601 1.553160
2.082617 5.921470 0.699602
9.216027 3.859126 1.991877
9.918159 3.391755 1.842532
9.306605 3.837681 1.936929
10.195236 3.148310 1.789849
11.970260 0.545726 0.347297
11.858294 0.935141 0.651205
11.533095 1.645530 1.036081
-4.675023 5.554225 -1.439418
11.555319 1.638677 1.072699
11.199164 2.163057 1.328932
4.469680 5.579037 1.369777
-3.552564 5.701284 -1.121924
-9.781554 3.438720 -1.852719
-8.056621 4.428209 -1.987983
0.239909 5.973633 0.101933
10.817723 2.568500 1.539559
10.612779 2.820637 1.684427
-11.995578 0.379558 -0.225721
6.908301 4.881573 1.901617
3.759461 5.719120 1.210550
-9.867686 3.441477 -1.849607
9.861189 3.413569 1.884711
11.889890 0.797829 0.531281
-5.347224 5.371202 -1.604562
-11.877722 0.977507 -0.619879
-11.853850 0.935785 -0.646789
-6.168467 5.159759 -1.754477
7.087828 4.859320 1.937880
9.872687 3.388804 1.851453
-9.382681 3.756996 -1.940230
2.472389 5.865731 0.808010
-2.809039 5.848722 -0.881425
-12.001428 0.035875 -0.031242
6.442645 5.070327 1.801386
-10.189523 3.183389 -1.818779
4.491137 5.577324 1.363705
3.512651 5.716140 1.108900
-11.230876 2.105444 -1.309660
9.840945 3.437419 1.903931
-11.559884 1.626383 -1.069987
3.247255 5.797219 1.050148
-10.306454 3.015240 -1.745884
-7.058388 4.851922 -1.878496
-9.543054 3.659124 -1.896854
6.710907 4.932297 1.883007
4.857374 5.454032 1.482967
-10.064241 3.280988 -1.809594
7.369258 4.697706 1.958828
-9.186394 3.880587 -1.960298
-11.623089 1.442431 -0.926059
-8.092481 4.456388 -1.994294
-10.050644 3.282356 -1.853909
3.973374 5.646986 1.250407
-7.728130 4.621575 -1.969150
11.749407 1.205958 0.783966
-1.882263 5.915675 -0.645492
-10.373175 2.997640 -1.718673
-3.761394 5.738105 -1.207911
8.139788 4.389204 1.996180
-3.955800 5.659573 -1.260809
11.559197 1.603092 1.039235
12.008656 0.378440 0.269119
5.842209 5.246436 1.700761
11.982424 0.334252 0.217189
-4.766416 5.540077 -1.459064
-5.588290 5.317215 -1.640494
1.246169 5.944014 0.423240
8.468575 4.221113 2.006304
10.958771 2.420052 1.531854
-1.646914 5.945480 -0.565263
-11.839745 0.996163 -0.651272
-9.699862 3.534420 -1.929314
7.679594 4.628793 1.982885
7.879182 4.522670 1.992426
-4.593834 5.521140 -1.407428
-9.729953 3.487958 -1.871693
9.344906 3.758433 1.952846
-10.492522 2.867458 -1.679543
-11.170646 2.177742 -1.346729
-8.420314 4.280714 -1.998214
11.817057 1.131640 0.717932
-11.805143 1.048586 -0.711702
11.758874 1.160889 0.739528
-8.708192 4.157878 -2.004662
11.947627 0.533803 0.291815
-6.306239 5.116202 -1.818788
11.394927 1.926498 1.216458
-11.610135 1.535949 -1.018703
11.668605 1.491866 0.950413
-1.505757 5.949029 -0.488565
-7.753231 4.569302 -1.987035
-11.871929 0.916263 -0.592809
-2.074894 5.887485 -0.674889
11.529505 1.695512 1.071455
6.150233 5.183569 1.759775
-10.696676 2.706332 -1.628775
9.963880 3.325668 1.853314
8.563619 4.194318 2.004385
0.607419 5.976342 0.190763
4.272107 5.600731 1.368293
-10.228445 3.187280 -1.799134
-11.882562 0.787999 -0.509870
-3.723187 5.703112 -1.188614
-3.704117 5.716282 -1.161053
0.670591 5.985361 0.193406
10.856309 2.535063 1.571931
-7.579179 4.663418 -1.954210
11.478299 1.815720 1.162968
6.974153 4.861185 1.923935
9.255558 3.780946 1.991470
-3.960611 5.667952 -1.279997
-11.921824 0.553961 -0.348840
-8.246145 4.358692 -2.003148
-11.960559 0.531322 -0.359714
8.339449 4.331299 1.986287
-10.823181 2.615288 -1.575073
-0.839011 5.957231 -0.294808
-1.769072 5.930049 -0.588334
10.229377 3.174257 1.797139
-11.593682 1.527159 -0.992972
11.449896 1.792995 1.161022
11.605361 1.552146 0.997635
8.379442 4.324526 2.006141
-3.975671 5.697339 -1.267028
-4.988413 5.487845 -1.509736
-11.469929 1.741797 -1.116562
11.854106 0.996948 0.643974
8.185548 4.402042 1.973723
7.355504 4.723320 1.936897
8.120181 4.370087 1.982601
0.986894 5.963381 0.347786
-11.396396 1.896961 -1.217174
-9.667306 3.548278 -1.925903
-5.888038 5.190327 -1.717542
0.408613 5.996150 0.139634
-9.982376 3.307063 -1.806099
-1.415199 5.961648 -0.506161
11.282470 2.037369 1.295205
11.121779 2.316592 1.454776
-9.683249 3.557985 -1.871129
-3.563553 5.755531 -1.134768
10.391667 3.035511 1.727274
-8.204601 4.363448 -1.992226
3.420775 5.750901 1.098342
11.974650 0.035851 0.083243
0.756797 5.973976 0.269866
10.021258 3.265069 1.850190
-5.771456 5.222464 -1.678813
6.907748 4.912474 1.888628
10.680657 2.750873 1.623785
11.562081 1.559966 1.032195
-10.439667 2.978292 -1.695633
1.180524 5.976930 0.368828
-0.673347 5.990153 -0.212914
-10.575677 2.886051 -1.679075
-2.486011 5.862606 -0.813083
8.041862 4.463745 2.027924
-4.092213 5.624727 -1.322143
9.340769 3.777872 1.965253
-3.885062 5.653400 -1.258917
11.979684 0.145091 0.072508
-11.533815 1.648972 -1.052643
11.970815 0.390861 0.263608
0.846746 6.002402 0.279371
7.592213 4.616790 1.974740
-1.739287 5.934753 -0.576308
1.738296 5.961515 0.554821
-11.942353 0.399964 -0.295400
-11.970103 0.393222 -0.240849
-7.937077 4.512638 -1.952063
11.797866 1.127359 0.716736
3.391934 5.727929 1.091788
-11.983361 0.190344 -0.129496
-11.875314 0.771970 -0.528089
1.053406 5.943558 0.357340
-11.963687 0.457577 -0.311032
-8.789334 4.091418 -1.987263
1.463791 6.006578 0.463930
-1.019921 5.966696 -0.310277
-9.312314 3.796309 -1.938329
7.274876 4.774627 1.935980
-2.146687 5.907311 -0.688179
-9.714055 3.506032 -1.894143
11.823445 1.149081 0.729596
-7.952752 4.451200 -1.995870
3.823030 5.686447 1.197655
8.296906 4.323553 2.015023
-10.319208 3.072072 -1.775776
2.847918 5.824904 0.934116
11.979929 0.289195 0.220055
-11.976004 0.318177 -0.249101
-10.821401 2.591523 -1.545405
0.406299 5.985442 0.167175
-2.144799 5.913171 -0.678332
-11.398442 1.890883 -1.149113
-11.478479 1.717514 -1.063091
11.666526 1.440802 0.934001
-11.456880 1.810813 -1.120675
3.418053 5.782449 1.130485
-6.804736 4.920264 -1.863474
2.050408 5.874906 0.677962
-6.596688 5.004207 -1.821286
3.130874 5.798830 0.978015
-5.862858 5.240520 -1.725719
-6.243547 5.146958 -1.778335
-5.651951 5.303157 -1.652096
0.430030 5.996159 0.141376
10.621063 2.809764 1.649519
10.933566 2.446789 1.527750
10.144267 3.229120 1.789660
-0.884990 5.961939 -0.312949
1.866120 5.906720 0.646188
11.635244 1.524517 0.950863
-11.316215 1.961618 -1.248316
-0.371666 6.008615 -0.107461
1.553714 5.955276 0.493495
11.964644 0.605299 0.394476
-11.632971 1.463242 -0.926249
11.449005 1.770343 1.113645
10.978333 2.389922 1.439841
-5.991695 5.203285 -1.721285
7.572033 4.668495 1.934583
-2.722923 5.861417 -0.862541
-5.251805 5.416883 -1.582090
7.104982 4.823466 1.862412
7.221515 4.778018 1.913508
-9.598011 3.641208 -1.909808
8.024832 4.497641 2.004821
-11.911470 0.726765 -0.489757
-7.409322 4.680395 -1.935501
-5.081780 5.432109 -1.546030
-10.776882 2.651692 -1.582303
-9.064775 3.894780 -1.984197
11.135541 2.248956 1.386340
-3.112461 5.804289 -0.991349
2.876960 5.835916 0.936953
-3.094166 5.793200 -0.983473
-4.565063 5.531850 -1.402916
-0.129624 6.009680 -0.045475
11.433594 1.835025 1.198316
-6.060044 5.159360 -1.776630
-4.126310 5.626631 -1.267862
7.688642 4.631268 1.934955
11.635519 1.494002 0.973154
-11.678962 1.504597 -0.950465
-6.815753 4.912893 -1.877468
-1.033009 5.949676 -0.341407
-0.586181 5.975603 -0.170138
10.517693 2.872102 1.685722
9.936803 3.349991 1.865222
-9.605620 3.564436 -1.892502
11.881108 0.777793 0.552307
4.814348 5.473331 1.480891
-11.876781 0.837147 -0.510492
9.700339 3.497757 1.895503
10.557911 2.857989 1.672707
9.297769 3.800493 1.951366
9.480854 3.642563 1.918808
-5.401161 5.349096 -1.584161
8.640575 4.220196 2.042846
0.968806 5.955684 0.313773
-11.122963 2.242685 -1.386980
11.193964 2.163961 1.319370
10.005873 3.347882 1.864407
9.976969 3.358631 1.812003
-1.625551 5.959102 -0.540458
1.094412 5.971120 0.386325
9.504668 3.637642 1.945685
-3.795807 5.712472 -1.220415
-3.306099 5.779952 -1.029710
10.702314 2.712693 1.618003
1.249493 5.969399 0.381265
-2.659990 5.847326 -0.885908
-3.408156 5.729082 -1.081114
7.929986 4.514979 1.987489
6.750323 4.973966 1.854525
10.672006 2.722825 1.630558
5.513455 5.319857 1.640793
11.587364 1.511168 1.031945
6.754529 4.965688 1.852806
10.371349 3.039822 1.712380
-7.929547 4.500513 -1.994093
8.899244 3.999585 1.974676
11.462729 1.776720 1.130287
3.152527 5.795312 1.041194
7.086331 4.836433 1.909770
11.706303 1.310087 0.857686
-7.872592 4.484047 -1.963322
-11.983881 0.578127 -0.349827
2.693678 5.826080 0.856594
10.147866 3.172302 1.791600
6.251299 5.084656 1.791753
-11.453951 1.762817 -1.086061
-11.452313 1.798488 -1.137593
-9.859825 3.442914 -1.896194
8.026275 4.422099 2.034867
-5.520815 5.326971 -1.607857
-0.674956 5.999438 -0.227784
9.156033 3.867761 1.955977
-8.778265 4.117064 -2.011604
-6.195748 5.125999 -1.746221
-11.904681 0.643428 -0.428402
11.946754 0.680312 0.441642
-12.010342 0.125720 -0.082752
-7.046782 4.876403 -1.910833
9.948701 3.347994 1.875660
-9.949700 3.342988 -1.848684
-10.468278 2.928664 -1.704253
4.198460 5.611524 1.361194
-9.967713 3.346703 -1.864076
-1.030245 6.009934 -0.322136
-10.889768 2.522603 -1.519887
-11.510746 1.694434 -1.104468
10.530941 2.916833 1.717065
2.301024 5.887634 0.770029
-11.795352 1.059932 -0.708266
7.220395 4.814845 1.912926
10.657512 2.758808 1.621610
-11.003489 2.344011 -1.428520
12.030751 0.066284 0.058461
-11.342232 1.927393 -1.235761
10.150998 3.200571 1.829735
3.255447 5.759807 1.053083
-10.890586 2.454714 -1.489086
11.995062 0.139075 0.110793
-9.419161 3.720266 -1.941922
11.507514 1.790205 1.105945
-5.104467 5.418788 -1.555836
4.561067 5.543205 1.414020
2.688345 5.824443 0.851261
-10.920036 2.454677 -1.492307
-4.613208 5.553379 -1.432878
9.895181 3.370052 1.842287
10.347829 3.065200 1.790126
3.823145 5.680308 1.201852
2.677745 5.857693 0.871091
6.546884 5.051330 1.801848
0.319559 5.994740 0.105761
6.699496 5.007511 1.852316
11.409992 1.839619 1.148852
-9.168494 3.860213 -1.988282
-4.768260 5.500015 -1.472639
-11.244468 2.183144 -1.352258
-4.538004 5.568307 -1.404089
11.409119 1.806003 1.169277
6.783989 4.918642 1.832348
11.130927 2.258222 1.356405
-8.081680 4.439446 -2.024557
11.648511 1.402690 0.932563
3.666771 5.731423 1.164983
11.476170 1.724909 1.108671
-7.891321 4.536113 -1.957317
9.401946 3.703673 1.940564
-0.953799 5.997080 -0.319585
8.122239 4.423544 1.982183
5.615259 5.324772 1.629581
-0.719596 6.027904 -0.236437
-0.800029 6.008477 -0.269299
11.928146 0.698826 0.460806
-0.712859 6.031278 -0.268500
6.479043 5.041183 1.790430
9.191431 3.881461 1.986292
11.947662 0.747273 0.492257
-3.240502 5.787109 -1.088206
4.597449 5.540808 1.391980
-1.880485 5.926796 -0.594355
9.012006 3.964986 1.966040
10.217023 3.145451 1.773404
11.928228 0.678211 0.462626
7.856670 4.527897 1.962919
9.328538 3.739623 1.945922
-1.064384 5.983511 -0.353959
11.661741 1.311093 0.901639
-11.708145 1.308876 -0.864878
-11.746626 1.293956 -0.851206
-7.529431 4.660458 -1.956328
-11.389324 1.906808 -1.208639
-10.256586 3.108760 -1.748799
-0.072602 5.986891 -0.029930
-5.773842 5.271595 -1.715929
8.425839 4.229175 2.013427
-7.982064 4.496739 -2.009524
1.577075 5.922488 0.530277
-5.459968 5.352769 -1.619617
9.233408 3.843565 1.937682
-11.732455 1.238609 -0.824391
3.456531 5.791228 1.077941
-11.794079 1.133105 -0.786975
6.724904 4.976723 1.884343
-5.061030 5.410624 -1.510944
-10.381291 2.989893 -1.757623
2.924786 5.788835 0.942628
-8.024714 4.452176 -2.011438
10.539175 2.835510 1.689559
-7.941859 4.479837 -2.026217
-8.337469 4.301054 -1.965162
8.758773 4.104539 2.026239
7.546550 4.655431 1.976995
-6.150892 5.159801 -1.777080
1.264830 5.991668 0.433263
-0.050333 6.017128 -0.025908
-8.903987 4.065087 -2.018877
10.744309 2.691508 1.627355
2.381898 5.888537 0.774578
5.366646 5.358922 1.592361
-9.156779 3.893568 -1.962217
-6.194281 5.133219 -1.764018
11.964627 0.290128 0.163767
-2.237735 5.860985 -0.733193
7.954290 4.458140 2.033818
7.026578 4.852512 1.890783
11.870297 0.838853 0.543307
2.778335 5.880635 0.899309
2.162189 5.906384 0.716462
11.530554 1.677025 1.074813
-10.125470 3.203653 -1.840817
-0.910914 6.001508 -0.287113
-6.594167 4.978415 -1.830260
8.291466 4.372773 2.011249
-9.068863 3.942592 -1.984660
11.791727 1.055647 0.662089
7.331019 4.763125 1.919343
8.814085 4.051732 2.004923
-3.813145 5.682042 -1.209056
-1.062695 5.994780 -0.359822
2.675687 5.839492 0.904072
-7.331484 4.750368 -1.920168
-7.305509 4.785249 -1.919043
-9.187146 3.862231 -1.940232
-11.212169 2.167897 -1.364390
-11.750896 1.133628 -0.709640
11.938415 0.484688 0.297684
-10.153559 3.189681 -1.795227
-11.386935 1.874271 -1.182925
5.599608 5.323661 1.622213
-6.719028 5.006117 -1.816257
7.617023 4.637426 1.943301
11.690631 1.403590 0.938420
2.461741 5.875818 0.767322
11.977171 0.285014 0.189842
10.933547 2.472698 1.501904
-11.616826 1.488408 -0.982472
-11.474484 1.743421 -1.107938
-8.413329 4.271378 -2.001944
11.803481 1.121284 0.730390
7.820084 4.565148 1.970111
-10.906509 2.449850 -1.498333
-5.017155 5.440302 -1.505079
-11.398505 1.844262 -1.164807
-6.411968 5.034479 -1.843213
12.005969 0.074764 0.043264
-2.478569 5.870131 -0.838424
-3.413723 5.751838 -1.056785
-8.292630 4.340006 -1.990259
2.091877 5.897226 0.685193
-5.130177 5.424418 -1.538468
-4.613800 5.512050 -1.398425
7.912529 4.546981 1.970460
-8.583851 4.185107 -2.025412
8.941150 4.029721 2.019384
6.186560 5.189616 1.793116
11.749606 1.170159 0.778627
-12.000658 0.444184 -0.281087
-11.453398 1.797390 -1.131740
8.523139 4.244788 1.979882
-11.276267 2.062963 -1.245739
-4.254223 5.606799 -1.325332
-4.356639 5.603017 -1.359208
-11.881323 0.777058 -0.435956
5.799742 5.241995 1.722142
-2.014004 5.944916 -0.665583
-11.954764 0.323522 -0.174477
-3.052384 5.813751 -0.957725
8.442612 4.257926 1.994411
-6.499646 5.031901 -1.802093
-11.786446 1.118946 -0.748431
-0.822700 5.990238 -0.263163
-4.600294 5.568636 -1.427407
7.003061 4.837565 1.913310
3.111729 5.762575 1.012602
-7.914684 4.499655 -1.998302
-8.293491 4.374073 -2.007334
-2.276170 5.909626 -0.763514
-0.112543 5.998991 -0.050563
-6.201596 5.135034 -1.771342
-4.916987 5.460500 -1.500736
2.559803 5.848067 0.826701
11.971434 0.459032 0.321232
6.964062 4.859958 1.872879
-9.813859 3.432114 -1.907063
-7.605599 4.643136 -1.976597
8.235395 4.403246 2.007332
9.326704 3.752013 1.961051
-11.804953 1.116312 -0.761441
-5.592636 5.324318 -1.648510
8.170126 4.389048 1.998374
12.002954 0.059603 0.042984
5.338037 5.379408 1.574182
-4.103118 5.631190 -1.278767
-11.097950 2.303080 -1.412757
5.704100 5.284211 1.702783
-3.824309 5.703602 -1.236150
-11.533736 1.685816 -1.080914
-11.454964 1.776800 -1.115666
-10.759563 2.656232 -1.615295
-5.199162 5.406954 -1.550102
-3.802125 5.675838 -1.220212
-7.523207 4.655105 -1.967193
3.349885 5.752038 1.064989
-8.487942 4.219737 -2.013389
11.923310 0.459813 0.294548
-11.733415 1.267670 -0.822077
-7.551840 4.675241 -1.958741
11.986880 0.205767 0.144275
-7.378906 4.757544 -1.957814
-2.970816 5.795051 -0.964907
-4.258544 5.604936 -1.319411
-5.412726 5.353034 -1.608751
11.094544 2.296025 1.410260
11.874062 0.752905 0.463877
9.479354 3.678587 1.948783
11.628395 1.557097 0.989102
9.308368 3.790415 1.973085
-7.767999 4.570191 -1.944121
5.999356 5.209379 1.766075
-2.748717 5.806822 -0.932313
8.301403 4.331876 1.984834
-10.986110 2.421344 -1.455026
11.745614 1.303584 0.862446
-1.905267 5.873036 -0.644035
-1.656754 5.959343 -0.538932
-9.286520 3.774518 -1.939271
-11.147257 2.225168 -1.418032
-8.280495 4.353015 -1.983356
11.232290 2.089333 1.305193
-8.885434 4.055060 -2.004707
0.861353 6.010365 0.297085
8.230462 4.386192 1.986145
-8.808657 4.044847 -1.984139
-9.729296 3.514607 -1.879793
0.539090 5.985825 0.163329
-10.439524 2.931304 -1.738670
-10.186660 3.168129 -1.819145
-9.066033 3.942326 -2.006482
-6.529499 5.077351 -1.816392
-2.647151 5.862408 -0.903443
-0.171789 6.013836 -0.048477
1.105213 5.984712 0.346531
4.300671 5.582612 1.348653
6.872732 4.925305 1.879065
10.090454 3.245983 1.833552
11.331910 1.948818 1.246067
11.146144 2.259337 1.353087
-11.515254 1.752382 -1.133280
-11.445741 1.723813 -1.138150
0.788667 6.003578 0.282396
-11.655798 1.434264 -0.952016
-10.174365 3.184052 -1.796033
1.121736 5.962528 0.383986
-11.762145 1.021377 -0.685292
6.042718 5.176768 1.735808
-3.317765 5.796031 -1.048875
-11.889901 0.681405 -0.464040
8.912323 4.024426 1.996935
-10.409085 2.970840 -1.713969
4.717412 5.502309 1.442578
4.795813 5.529232 1.451374
-10.477390 2.964169 -1.692752
6.820243 4.936202 1.875711
3.759927 5.678132 1.200186
2.080801 5.907495 0.675285
7.876202 4.530017 1.975007
11.976017 0.343531 0.215928
-11.981282 0.364202 -0.263916
11.992041 0.264780 0.159861
1.265465 5.962110 0.413012
-2.923965 5.813840 -0.897984
-0.246001 5.967941 -0.052735
3.070150 5.807461 0.978458
11.928466 0.577552 0.377583
-5.626215 5.281395 -1.638173
11.785904 1.118314 0.719185
5.576029 5.300002 1.672748
11.558473 1.614619 1.052946
1.310529 5.967271 0.464536
-11.898314 0.593145 -0.425049
9.141038 3.848576 1.972126
0.219105 6.023779 0.088522
-0.320942 6.020415 -0.070465
-11.983786 0.368551 -0.289614
-10.090393 3.257633 -1.862198
-1.425530 5.948997 -0.499876
1.204952 5.990530 0.386755
-11.928848 0.512002 -0.318918
-12.031331 0.056631 -0.011503
-11.114623 2.292803 -1.380525
-9.627907 3.590733 -1.911834
-10.262654 3.074904 -1.768089
-11.985668 0.307150 -0.198495
-9.458218 3.717570 -1.948791
11.627075 1.368067 0.903463
11.786487 1.067034 0.669445
-11.406861 1.814845 -1.152433
-10.685970 2.718703 -1.583166
-3.038320 5.810487 -0.968955
-10.431358 2.981228 -1.738392
-11.788247 1.046182 -0.677473
-1.886526 5.920550 -0.627323
-10.097764 3.220530 -1.851851
0.603232 5.984345 0.164975
4.744405 5.496432 1.449175
3.896490 5.686196 1.201813
8.909741 3.991662 1.985548
11.010331 2.384347 1.460503
-11.884620 0.818168 -0.564201
9.659833 3.556183 1.920495
-11.314054 2.048253 -1.279143
9.981934 3.331573 1.812661
10.450367 2.972063 1.692750
3.047316 5.778079 0.963657
-9.458623 3.725541 -1.957866
9.209197 3.833190 2.000577
11.781268 1.070020 0.686293
-11.715027 1.300360 -0.860164
-11.889995 0.840681 -0.591131
3.035474 5.791216 0.974904
0.676195 6.002463 0.230699
-7.237917 4.774192 -1.941132
-8.152761 4.385651 -2.013772
-5.288018 5.376583 -1.557584
-5.118210 5.423197 -1.548554
-1.177751 5.976786 -0.407559
7.114085 4.843580 1.894733
9.221869 3.834051 1.953194
-9.456039 3.711427 -1.949147
-4.242380 5.615748 -1.311132
-6.662514 5.023370 -1.826943
8.198578 4.347393 2.013621
-12.030892 0.206439 -0.125448
-4.698270 5.500370 -1.469249
12.015713 0.032168 0.033394
-4.514864 5.538255 -1.415329
10.105903 3.216568 1.827600
6.405446 5.089155 1.790384
3.428874 5.740411 1.121426
11.940294 0.753354 0.487968
11.882308 0.743438 0.467397
1.124930 5.959712 0.380629
-7.726062 4.575397 -1.962654
-0.713964 6.021603 -0.249162
10.108882 3.189610 1.803019
11.859450 0.895338 0.586322
-4.086335 5.638567 -1.286944
-3.927320 5.699562 -1.252663
10.276081 3.124653 1.744533
-1.618159 5.906909 -0.521655
-7.988180 4.516085 -1.977204
-11.995299 0.296627 -0.177712
-11.031809 2.328552 -1.459229
11.383656 1.896430 1.200368
11.756285 1.228629 0.833762
7.337692 4.720890 1.937947
-9.938637 3.360888 -1.867293
-11.456011 1.725127 -1.076267
-11.900710 0.833027 -0.547094
9.470197 3.686391 1.905155
-1.135457 5.956353 -0.391107
9.594857 3.617498 1.924228
1.923015 5.945689 0.640852
-8.688995 4.108205 -2.016186
-10.695929 2.704965 -1.622287
2.139334 5.877368 0.688035
-2.901860 5.821281 -0.914941
-3.542500 5.718037 -1.124744
-11.802051 0.974499 -0.655712
7.425138 4.744279 1.918848
-8.255582 4.336439 -1.992805
-7.256723 4.749918 -1.942423
0.670026 5.984876 0.231528
11.236571 2.100577 1.314650
-8.273641 4.342825 -2.018149
-11.258490 2.099432 -1.313288
-3.835162 5.676905 -1.215174
3.916322 5.675184 1.216030
-11.583203 1.563362 -0.997792
6.863037 4.896928 1.890992
-11.954776 0.238713 -0.158871
-11.304918 1.990404 -1.242955
3.066415 5.814512 1.010429
11.969039 0.069564 0.065511
-1.133019 5.962645 -0.371062
12.006187 0.292913 0.212282
0.201172 5.992349 0.014670
-5.290889 5.366026 -1.608802
-10.760293 2.666328 -1.585968
11.976935 0.131566 0.124613
5.463946 5.361134 1.606674
4.658515 5.540057 1.399100
-3.361595 5.794623 -1.104447
7.539151 4.678703 1.965052
-7.467064 4.674901 -1.970246
-4.127461 5.665443 -1.271292
2.608717 5.837578 0.825524
1.432824 5.957607 0.506120
11.995288 0.321804 0.156186
9.918551 3.403116 1.866537
-11.981234 0.368146 -0.234388
6.281967 5.135015 1.785377
5.631753 5.295430 1.654335
-0.387574 5.971002 -0.133987
-7.197730 4.788701 -1.938027
-11.816662 1.010825 -0.636801
11.037423 2.349085 1.456688
-3.217056 5.788087 -1.052923
5.859950 5.245297 1.688901
11.510503 1.672588 1.056097
5.466531 5.342679 1.610883
-5.530612 5.343666 -1.636695
10.007058 3.311749 1.837950
-3.442729 5.785852 -1.110912
-11.532946 1.641416 -1.046476
4.919991 5.447627 1.474865
-7.108060 4.832739 -1.922447
-9.149563 3.890133 -2.011704
0.300578 5.983119 0.102639
-11.917924 0.757688 -0.505237
9.092158 3.892353 1.954271
-8.985938 3.985726 -1.983891
-12.011608 0.105963 -0.099696
8.837835 4.073579 2.023260
-5.108826 5.391578 -1.572902
-0.665142 6.012702 -0.203023
4.344615 5.600169 1.346360
-0.305110 6.007658 -0.091361
2.011061 5.905979 0.654515
-6.397132 5.053041 -1.791498
-11.803026 1.067567 -0.697593
4.155841 5.643818 1.299764
11.987566 0.059711 0.027361
-10.465121 2.893624 -1.670352
-6.466500 5.022112 -1.838572
3.444494 5.717991 1.127538
11.903003 0.743302 0.491570
-11.672867 1.310990 -0.860403
-4.162817 5.647741 -1.316247
-1.228537 5.999886 -0.419683
-8.292212 4.322861 -1.988917
-2.270078 5.882632 -0.748639
-11.728319 1.198550 -0.795636
-10.282024 3.091349 -1.776120
10.076241 3.293972 1.858106
11.324733 1.990391 1.293137
-11.192750 2.159008 -1.338944
-11.663827 1.422386 -0.930635
-1.983092 5.923936 -0.634160
4.850241 5.481642 1.470598
-8.604098 4.185763 -2.036370
-8.180280 4.400741 -1.983394
-11.168885 2.219078 -1.339378
-11.883489 0.819446 -0.519696
-7.027164 4.854390 -1.880382
-0.680725 6.003677 -0.277893
4.231684 5.622853 1.306827
-6.258549 5.133810 -1.776048
1.321854 5.986635 0.444577
10.994099 2.378378 1.455975
-11.847203 0.948658 -0.614405
11.985982 0.057845 0.042416
-11.944578 0.367052 -0.251785
-11.926441 0.656520 -0.425884
-4.071810 5.636086 -1.278578
1.312351 5.967711 0.403849
10.852276 2.538546 1.528097
-10.507879 2.943826 -1.705692
-9.765185 3.482258 -1.935914
11.821757 1.000022 0.617387
-7.827825 4.512307 -1.949211
11.872277 0.968489 0.629825
-0.307306 5.980322 -0.087611
5.470471 5.351676 1.605772
5.268746 5.387609 1.568053
-7.874697 4.506749 -1.973075
8.325725 4.274093 1.989687
11.373734 1.919269 1.225940
11.946571 0.602148 0.454872
-9.262327 3.800850 -2.015902
-7.994582 4.472491 -2.016718
7.998365 4.480389 1.986642
5.266305 5.405768 1.554059
-5.983417 5.193741 -1.751649
11.783610 1.145906 0.768665
-10.085464 3.282149 -1.785507
-1.930635 5.914153 -0.617593
2.194840 5.950832 0.676051
11.995627 0.088842 0.093881
-11.262039 2.057597 -1.290363
11.360473 1.952119 1.182503
-9.957292 3.356494 -1.862710
-7.628841 4.615301 -1.958085
-7.003383 4.874683 -1.934697
3.847728 5.687572 1.235044
0.834222 5.970829 0.297087
-7.946538 4.458344 -1.965924
-9.770617 3.463372 -1.885456
10.988855 2.391894 1.453973
-11.417608 1.873330 -1.210663
1.041151 5.976156 0.343031
-4.407132 5.607369 -1.339906
-6.996573 4.862632 -1.880104
-1.924341 5.903967 -0.627794
7.251329 4.768841 1.911730
-2.890124 5.846554 -0.897826
2.436483 5.885753 0.822166
2.546966 5.855276 0.885454
-4.085555 5.629854 -1.291877
-11.489128 1.769593 -1.120260
10.482924 2.931461 1.687560
11.528577 1.662930 1.074129
2.795262 5.835926 0.902612
1.965376 5.893559 0.653493
-7.786026 4.562023 -1.947226
3.649810 5.728984 1.146422
-0.098006 6.000630 -0.017164
3.037654 5.788658 0.978992
11.785058 1.084239 0.735212
0.337529 6.007491 0.149201
-11.656619 1.358359 -0.896509
1.060428 6.013281 0.330756
-7.516988 4.700949 -1.944147
6.163454 5.161770 1.771612
11.971251 0.090259 0.047972
-11.812332 1.054672 -0.676357
-7.245739 4.780829 -1.965688
10.896498 2.475785 1.509722
-11.957821 0.632752 -0.382835
-10.933155 2.503795 -1.473883
10.364734 2.999381 1.728807
-5.282485 5.396350 -1.591785
-9.141073 3.848984 -2.013996
4.893545 5.452554 1.471295
3.345525 5.757361 1.047181
-11.737806 1.287674 -0.849939
-4.604315 5.546330 -1.445981
-10.214508 3.162095 -1.806231
-11.895353 0.808666 -0.560387
-9.271408 3.781471 -1.919871
-2.783211 5.839050 -0.919863
2.577021 5.872336 0.830205
-10.565379 2.823086 -1.658536
8.544644 4.205061 2.003718
11.992963 0.173487 0.124823
-11.336567 1.933283 -1.251713
11.903506 0.638146 0.419126
-11.929595 0.529581 -0.356018
11.741597 1.329763 0.804900
12.016931 0.145998 0.103333
10.272479 3.075067 1.759226
-10.049129 3.279987 -1.835905
-8.830053 4.073121 -2.006529
11.588131 1.492176 0.995426
-8.281225 4.359614 -1.971385
8.839153 4.033202 1.983828
-10.001647 3.280018 -1.831965
10.047228 3.258386 1.835503
6.683854 5.036491 1.834246
11.765661 1.171412 0.785329
-11.881858 0.919809 -0.588702
11.642056 1.499005 0.913122
-6.866997 4.927865 -1.863371
-8.970327 3.990665 -1.958412
2.383699 5.875308 0.780531
-7.950242 4.491856 -2.017660
-7.595042 4.633785 -1.945186
-7.503460 4.680816 -1.967060
5.442202 5.362237 1.615611
2.790603 5.826061 0.881772
9.791399 3.497008 1.901574
7.766167 4.579271 1.998585
7.735544 4.608602 1.954042
10.362225 2.988375 1.718353
-7.423587 4.702032 -1.961260
1.270353 5.959665 0.393127
-11.915783 0.778802 -0.487594
-0.002355 5.998972 -0.042166
-9.551475 3.633662 -1.909191
-6.808439 4.892283 -1.869493
5.035166 5.441883 1.494420
4.817494 5.485359 1.482236
11.953535 0.456801 0.313125
-4.031943 5.658107 -1.273140
3.062411 5.774920 0.984293
10.647178 2.775965 1.673929
11.806822 1.208209 0.766639
-11.788820 1.096835 -0.706641
11.465576 1.743623 1.074460
10.275889 3.092141 1.786939
-12.019313 0.192159 -0.164452
-11.896438 0.701780 -0.460436
-11.730560 1.305907 -0.824452
2.562614 5.868833 0.798202
7.580065 4.647808 1.984424
8.748087 4.121176 2.000135
-11.975782 0.265750 -0.182400
-2.711186 5.824610 -0.880265
6.411538 5.123138 1.826857
-7.607597 4.658559 -1.955077
-8.873186 4.041338 -1.991204
11.502673 1.661702 1.058753
-3.858770 5.673721 -1.200978
-11.951910 0.187866 -0.111575
-0.095855 6.058490 -0.033618
11.896364 0.843964 0.534842
-7.868552 4.514247 -1.970153
-3.433917 5.747058 -1.088469
8.743906 4.116509 2.006795
9.417409 3.740855 1.973085
3.397641 5.774023 1.060931
8.743418 4.118551 1.976455
-9.957724 3.367891 -1.888623
11.981912 0.170416 0.116423
6.012952 5.182171 1.746251
3.810422 5.702412 1.201617
-3.482971 5.768655 -1.114596
-11.353831 1.964074 -1.259379
-8.738256 4.134268 -1.994637
11.808991 1.022081 0.668447
-10.072929 3.317343 -1.830569
-4.800274 5.500162 -1.477112
-11.724439 1.270160 -0.810351
-1.276968 5.971615 -0.393852
10.299317 3.092978 1.753447
9.311432 3.802739 1.979284
-11.810505 1.046190 -0.672098
11.839422 0.914833 0.627256
11.001075 2.402393 1.426717
-8.236637 4.402117 -1.935905
-11.987449 0.351912 -0.274970
11.965859 0.073776 0.058804
-4.463192 5.525181 -1.397016
-10.061039 3.251063 -1.813240
-3.346742 5.736628 -1.075397
-1.115997 5.955331 -0.372225
-8.461844 4.263131 -2.005975
8.698423 4.115921 1.963293
6.107964 5.173281 1.718977
-9.905695 3.420761 -1.859905
1.790210 5.952919 0.588357
8.748382 4.099668 1.968908
-9.200918 3.848604 -1.967064
11.954136 0.453008 0.334282
3.266123 5.768995 1.049244
8.616039 4.205318 1.952145
-9.475292 3.716961 -1.945826
2.488570 5.860744 0.831787
-8.208865 4.364547 -1.986829
-0.364166 5.991608 -0.062345
2.448834 5.867519 0.824809
-11.443739 1.882264 -1.190442
6.830766 4.907056 1.900375
-7.519863 4.639883 -1.949893
-3.819952 5.699565 -1.191572
-2.730744 5.837146 -0.908110
4.575302 5.521155 1.443546
8.225908 4.410512 1.975880
7.697914 4.616474 1.979456
11.993119 0.456490 0.298822
-10.112466 3.267949 -1.837598
11.129838 2.220635 1.400979
-9.350315 3.759000 -1.938191
-11.997631 0.267698 -0.215084
11.994721 0.304596 0.203628
4.990364 5.463766 1.491707
10.386769 3.041005 1.724308
3.649673 5.740800 1.192268
7.302852 4.732039 1.904025
10.604579 2.807726 1.630509
11.285838 2.027983 1.293403
10.355338 3.066285 1.749227
-8.820168 4.075905 -2.019535
-8.630660 4.197524 -2.001906
-11.580415 1.569892 -1.026537
11.979017 0.159319 0.117429
-4.539125 5.565650 -1.425263
0.435884 5.985680 0.142324
6.755466 4.967740 1.865330
-7.940700 4.464607 -2.000537
-1.235945 5.940261 -0.439014
9.419938 3.716862 1.951112
-3.232933 5.782965 -1.040223
-7.149886 4.791239 -1.921202
-11.878131 0.885002 -0.585082
4.265200 5.581829 1.332085
-4.105244 5.619541 -1.321287
-9.440506 3.695206 -1.927021
-10.021206 3.290911 -1.841816
8.006996 4.448477 1.985957
9.969012 3.349371 1.821441
11.667592 1.482112 0.939765
-1.492663 5.964722 -0.488751
-9.263598 3.845595 -1.987490
9.414853 3.717609 1.937326
11.977889 0.682991 0.440409
8.814767 4.067764 1.995016
5.366768 5.352592 1.554217
-1.831920 5.920817 -0.567085
11.854964 0.935968 0.633286
-9.104844 3.883577 -1.969992
10.189831 3.150708 1.794617
-11.991154 0.120542 -0.072610
11.833732 1.070772 0.703814
-9.817847 3.479210 -1.899528
-11.026100 2.408523 -1.464533
11.945914 0.201571 0.143905
8.973928 3.997659 1.979114
-7.513218 4.663576 -1.957245
-12.008922 0.064148 -0.047253
-4.062639 5.635498 -1.324679
-11.255706 2.118531 -1.331361
-6.412789 5.060439 -1.786835
-0.879802 5.999052 -0.260157
-7.687933 4.593468 -1.956427
-6.379856 5.109739 -1.775372
8.226709 4.373170 1.989792
5.265130 5.401131 1.587117
-11.052319 2.295094 -1.409230
8.342812 4.315995 2.004732
9.321042 3.802373 1.956389
-1.665257 5.950153 -0.528133
-10.017969 3.265775 -1.846456
4.513826 5.593189 1.360107
9.652314 3.594187 1.902618
-11.968976 0.269919 -0.247303
6.679103 4.991475 1.849617
10.352060 3.036532 1.717866
-2.099658 5.882803 -0.697670
7.208502 4.837941 1.930182
10.717254 2.647374 1.580073
-6.833939 4.918755 -1.908158
-9.712787 3.546210 -1.871648
-10.776500 2.602188 -1.542791
6.468893 5.025994 1.802922
11.309577 1.998740 1.277849
-11.416473 1.859804 -1.188976
-8.826785 4.061394 -1.979576
0.209847 5.996697 0.065798
11.821477 0.887519 0.571695
8.134316 4.391795 1.976840
-10.266319 3.092486 -1.747859
1.046095 6.004958 0.407002
11.961727 0.385164 0.260517
0.490596 5.978675 0.164753
8.010488 4.501776 2.008225
2.382846 5.887057 0.748255
6.479084 5.017839 1.802460
10.780176 2.588134 1.575230
9.567814 3.619513 1.917224
3.820238 5.687836 1.229860
3.853865 5.712445 1.222390
-10.176531 3.275817 -1.816224
-2.252451 5.879746 -0.713095
-3.552595 5.742031 -1.138779
-6.112380 5.215326 -1.743785
6.100535 5.167414 1.743737
1.105688 5.993884 0.396747
6.505101 5.033404 1.812648
3.739457 5.713123 1.193379
2.331405 5.895531 0.791139
6.912945 4.903199 1.896529
-3.173933 5.792475 -1.028567
-9.674288 3.573823 -1.909699
5.545132 5.316045 1.658212
11.508322 1.744368 1.149341
10.225134 3.140267 1.778025
-11.178652 2.168233 -1.378786
-11.385440 1.958392 -1.217198
1.305834 5.940905 0.422744
11.119243 2.242361 1.379398
-9.416648 3.738295 -1.932312
-3.897541 5.682983 -1.235943
-6.961365 4.893037 -1.874082
-3.821764 5.678313 -1.231306
1.386763 5.954120 0.445039
-7.961380 4.485334 -2.013884
-11.985841 0.157925 -0.153365
-11.985982 0.356294 -0.279598
11.091330 2.300288 1.419144
11.895885 0.648065 0.414145
10.533976 2.876743 1.657799
9.350525 3.737803 1.954424
-11.797316 1.192302 -0.773195
4.901986 5.459419 1.498052
-3.196343 5.786775 -1.028136
-11.896974 0.688456 -0.445397
-2.883621 5.856467 -0.952811
5.928967 5.208110 1.688332
-10.042880 3.218324 -1.837502
3.528089 5.709302 1.091190
10.623394 2.807173 1.632907
-8.013981 4.485626 -1.988362
-8.110368 4.420027 -1.997377
2.984246 5.840615 0.952301
-0.944588 5.976978 -0.301072
-7.474105 4.716208 -1.952505
-9.884344 3.419816 -1.832074
6.134106 5.132439 1.716230
-11.820356 1.135363 -0.740820
-11.477488 1.777956 -1.131955
-7.991586 4.470768 -2.005536
8.136765 4.414721 1.983481
11.644634 1.376483 0.937508
4.357560 5.616632 1.338727
-7.041209 4.843130 -1.904623
11.570771 1.600221 1.030642
-9.149547 3.867847 -1.976843
-1.652317 5.935014 -0.545467
-7.366654 4.725032 -1.933372
-2.679894 5.864494 -0.892812
6.311369 5.109555 1.804792
-10.365493 3.040067 -1.720056
10.093918 3.277776 1.848140
10.457809 2.890666 1.732117
-11.096202 2.243988 -1.385097
-8.737374 4.171617 -1.980166
-11.340070 1.938754 -1.244125
-7.449709 4.683079 -1.983509
11.945028 0.747026 0.455326
-4.207810 5.629816 -1.301903
11.277708 2.054510 1.306118
6.258989 5.135332 1.781578
10.727802 2.682932 1.572235
-5.940765 5.238348 -1.739155
-9.299738 3.774682 -1.919263
8.297861 4.344648 1.972156
8.833214 4.028487 1.985817
4.771277 5.506041 1.453286
-5.752819 5.297335 -1.687685
-8.106834 4.421766 -1.984815
9.047901 3.942984 2.012101
11.144706 2.193469 1.386322
7.164436 4.784986 1.918182
6.589138 5.011777 1.836818
-11.951227 0.554284 -0.367288
-5.151679 5.399625 -1.560176
7.097144 4.832047 1.893349
-10.756614 2.662177 -1.577028
-7.913425 4.524890 -1.990941
-6.493198 5.041843 -1.809695
-5.911653 5.194152 -1.717092
-4.964870 5.474374 -1.496558
11.595849 1.604684 1.019556
1.234809 5.992145 0.405664
5.193226 5.409033 1.599231
11.595830 1.516380 1.023076
-6.766728 4.994529 -1.866015
-11.996943 0.222746 -0.138683
-8.584671 4.207240 -1.980337
-5.515011 5.337899 -1.637157
-10.260712 3.086851 -1.781278
11.145324 2.219683 1.391968
2.552084 5.872944 0.834966
11.634979 1.469151 0.916872
9.562875 3.638307 1.937076
8.791955 4.045857 1.932920
11.945197 0.640469 0.423506
7.139518 4.822592 1.937297
12.008081 0.253726 0.171488
7.837981 4.537822 1.952414
-7.906013 4.519423 -1.995439
-11.676706 1.369790 -0.896241
-11.707659 1.363045 -0.872208
-1.387414 5.936005 -0.465175
-10.665107 2.764073 -1.629959
1.908784 5.925038 0.629155
-2.174048 5.910220 -0.697190
-11.780285 1.141510 -0.762029
9.710806 3.535669 1.871399
11.229186 2.125383 1.362985
0.160764 5.995394 0.041528
-10.299382 3.075189 -1.774789
1.161433 5.960642 0.389606
11.737688 1.228632 0.836712
10.315333 3.095629 1.772568
-0.552074 5.986372 -0.192223
10.309801 3.054079 1.771836
11.853915 0.833170 0.537008
4.743603 5.486919 1.430005
9.643394 3.625797 1.941386
-11.972605 0.425815 -0.278950
3.342323 5.776828 1.062608
3.536174 5.712186 1.105002
7.637219 4.620508 1.990294
11.521930 1.699991 1.082349
-8.488542 4.235858 -2.019113
-0.485073 5.997051 -0.166119
-11.985578 0.092872 -0.069068
-11.851259 1.009348 -0.674902
8.244484 4.341897 1.998687
-11.999972 0.351864 -0.195340
-8.906999 4.049538 -1.974027
-11.864232 0.856841 -0.527419
9.871603 3.385608 1.868873
-11.882916 0.840508 -0.532420
11.045373 2.315361 1.426173
9.394199 3.760286 1.938149
11.824115 0.959791 0.623660
-11.466377 1.816131 -1.136401
-1.057581 6.002879 -0.347347
9.851281 3.397385 1.872720
-7.609533 4.601672 -1.959456
7.823183 4.572598 1.962209
9.253287 3.803060 1.936417
11.951509 0.550618 0.397014
-4.029110 5.658581 -1.217846
-7.420971 4.756480 -1.922836
6.202379 5.140943 1.779733
11.961704 0.170060 0.094314
5.944039 5.199195 1.691308
-1.762481 5.914556 -0.608834
-8.631417 4.183900 -2.008662
-9.615834 3.615307 -1.925413
-7.304441 4.762601 -1.927926
10.422532 2.958434 1.728293
1.463118 5.963281 0.499777
0.551661 6.016420 0.194016
-8.041690 4.463716 -1.967675
-4.200838 5.615361 -1.323982
0.594428 5.967636 0.204351
-1.988463 5.915995 -0.666230
11.985558 0.571121 0.343275
2.837458 5.860943 0.911947
-9.411214 3.706237 -1.964151
-7.309372 4.742913 -1.938235
9.811551 3.479074 1.904923
10.091706 3.269528 1.824305
-9.046206 3.919218 -1.950650
1.144595 5.960500 0.396913
7.654382 4.620058 1.960718
2.841311 5.841939 0.931966
-7.704483 4.616377 -1.977921
-7.079009 4.877045 -1.939322
-5.787167 5.224705 -1.697633
-10.894012 2.507859 -1.522542
-6.571300 5.028156 -1.812076
-11.275411 2.066157 -1.309730
-6.608888 5.016610 -1.844197
11.918201 0.665667 0.434574
0.764460 6.016210 0.240838
-9.211207 3.865870 -1.961293
-10.243264 3.153675 -1.783342
9.674267 3.630818 1.911272
11.902771 0.762243 0.488763
-7.571738 4.651619 -1.983630
